dev_index,reference_probability
19,0.7670536145045939
247,0.28624315325089433
289,0.0896875189903266
288,0.028972149013905456
60,0.8190495301139814
150,0.31543295625006557
71,0.6018730266602114
2,0.9280549954261593
198,0.03467086879350391
92,0.9226132523148832
230,0.9455336803092539
79,0.5072369860286062
205,0.2583759303233609
172,0.667572562557693
178,0.10995696976858652
3,0.9291893050532662
233,0.09732739234642876
246,0.03467766954802461
10,0.7492486769622276
33,0.6973124805563097
199,0.39460503477020004
24,0.6875934547076904
81,0.875692520536272
59,0.6209221319882369
137,0.8852551308151044
177,0.8886761782757254
139,0.0634502595612985
90,0.893767052270858
250,0.016478861834457157
32,0.9429326589251599
214,0.19928026959692838
45,0.8959712440818681
295,0.05603446719234537
11,0.9346574343432958
189,0.6548543028567573
82,0.8889879802315626
87,0.83919474748553
111,0.7937459554349262
98,0.6807886318747511
270,0.38947300618562863
86,0.4839726224612454
127,0.8966793025658397
235,0.28069471549444847
119,0.634060505288524
259,0.32742863737134215
20,0.40541261161034664
168,0.09346988681904012
146,0.835330410911301
144,0.8223921519595176
200,0.7583040505707926
216,0.24306991446509524
213,0.1573952411914854
47,0.9084468627735823
173,0.36036920700004754
106,0.5138100863654566
164,0.94720450851081
238,0.4361852407882716
277,0.6709378701981411
42,0.331086982135286
8,0.7913687386690395
68,0.9480020408286156
161,0.871602431592039
69,0.9153267296985732
80,0.9622482425965139
84,0.6070508309982874
182,0.7940084617000842
260,0.15343019362804267
163,0.94720450851081
222,0.5282445376810327
280,0.13445302362018566
175,0.13662978662497233
158,0.4617576287111348
115,0.97683347024714
265,0.4294081174743033
103,0.8326337723442052
208,0.3867471979462139
132,0.9083511900045794
50,0.924374486169419
243,0.02764704538088487
244,0.06510069561880208
193,0.027053022223939578
116,0.8154362716009083
255,0.08697712544353045
237,0.11321570203217872
55,0.8143801278221247
242,0.12050111266232802
171,0.7151153089421625
143,0.7401682454861644
254,0.7772918368090856
210,0.3879819077846748
273,0.4037480748248149
276,0.05902922141196051
249,0.223005482526783
58,0.9524505849099727
258,0.5492483893345572
73,0.7439206158866558
56,0.8743277945540916
112,0.7203930176799774
256,0.027046346983053526
75,0.8102124880995675
15,0.9070171326409149
251,0.13734782979650012
29,0.8679146969619884
6,0.739964925199525
207,0.09758201331388167
294,0.3398744274961491
266,0.11248054810976067
195,0.04041607576349556
40,0.6674870927638616
180,0.03797604909774189
215,0.06273739162706794
211,0.03195774421039614
23,0.6876250990126598
101,0.15683753099129966
159,0.7500897463949042
206,0.07655951700456115
229,0.2460675325299843
124,0.984871494522584
283,0.6710585131336069
155,0.7464197173805219
263,0.3873275130717058
94,0.9377182976243006
57,0.85029920435191
278,0.7438048554776625
34,0.4913965431742673
253,0.15582374465323806
66,0.7922427108039616
196,0.6338399783437573
248,0.48311316407811444
53,0.9724508245336144
17,0.7064299148572857
154,0.9383761930464815
18,0.7430430527490393
5,0.5601521866245053
227,0.1979557990271908
36,0.951894596689398
77,0.8930460980457244
64,0.9357041707378967
234,0.09165518011480442
226,0.09588659723538795
279,0.09937781630582901
122,0.9348840899483868
96,0.4177062385256837
31,0.5803986457194931
231,0.06016366174096467
221,0.03448404444831476
299,0.45719101365612147
298,0.2716975316727619
76,0.7473016637796208
275,0.3703803838375333
241,0.5954190198689522
30,0.9364245772159563
22,0.8790886438113319
187,0.025295180305697877
16,0.9474632713555129
301,0.11186595576557493
291,0.06360337725645282
225,0.15072956412883826
152,0.47811734457895455
25,0.7878269100700963
91,0.551506350220843
21,0.928349547433819
135,0.8793366494156645
7,0.8036686305674389
148,0.9594924270485606
203,0.22977967697077473
176,0.1988446461693844
13,0.6286508729207632
54,0.9538772666071974
223,0.02051574128367295
129,0.593093837379999
174,0.04727093030114104
212,0.3231195441370526
269,0.07454550821824615
184,0.10126230925288744
126,0.843568300679831
218,0.039159496915883635
88,0.9143877529094742
93,0.7118238502288337
156,0.9556290372422686
74,0.9527174834432254
261,0.7180713944637007
117,0.5218424698527622
1,0.8274504717990865
219,0.1867272623578951
201,0.03336995430848794
296,0.7164225220845292
48,0.8552217406099583
300,0.06965109696253574
232,0.05098819791033719
97,0.40065079895096495
209,0.3406290858151767
105,0.7857661798954346
145,0.8397152609154279
192,0.11753011719232362
204,0.05057483520731794
121,0.8053901867848381
245,0.3241935010633431
191,0.05446134857285097
63,0.7334042816162863
120,0.23416915933778942
190,0.19958225226443096
99,0.8752951725376175
52,0.34501744071394336
9,0.9383589808318418
183,0.28043215036857044
262,0.02808151136124214
290,0.3984785768328115
162,0.9710938159247677
149,0.9559246619320836
181,0.12270479220230597
282,0.3711517729042396
37,0.6483144904479342
220,0.02617915350175114
287,0.7740852223880564
165,0.08410491301903564
134,0.9349265733919125
169,0.13601703352018774
109,0.8631410747890452
78,0.9579747765991261
49,0.8554185486649054
67,0.8966231262842657
38,0.9150443442547689
128,0.9413717741438459
138,0.29042566435845185
125,0.9721209308123335
46,0.9435647525190511
153,0.7313031737174992
113,0.6784332407831114
108,0.9325861843399629
72,0.9593295886559645
118,0.9737252278291839
284,0.0937695088155163
274,0.15096880925592449
147,0.9364710304657311
292,0.08859477449735415
170,0.31127275972278123
39,0.8160984992332269
104,0.9599906111022131
140,0.9175762262165458
114,0.9075308681955672
110,0.6460320797708448
