development_sample_index,original_sample_index,true_label,predicted_probability,predicted_class,candidate,threshold,error_type,age,sex,cp,trestbps,chol,fbs,restecg,thalach,exang,oldpeak,slope,ca,thal
0,19,1,0.7430521931573646,1,default,0.5,TP,69.0,0.0,3.0,140.0,239.0,0.0,1.0,151.0,0.0,1.8,2.0,2.0,2.0
0,19,1,0.7430521931573646,1,youden_j,0.46,TP,69.0,0.0,3.0,140.0,239.0,0.0,1.0,151.0,0.0,1.8,2.0,2.0,2.0
0,19,1,0.7430521931573646,1,max_f1,0.43,TP,69.0,0.0,3.0,140.0,239.0,0.0,1.0,151.0,0.0,1.8,2.0,2.0,2.0
1,247,0,0.35822302568935216,0,default,0.5,TN,66.0,1.0,1.0,160.0,246.0,0.0,1.0,120.0,1.0,0.0,1.0,3.0,1.0
1,247,0,0.35822302568935216,0,youden_j,0.46,TN,66.0,1.0,1.0,160.0,246.0,0.0,1.0,120.0,1.0,0.0,1.0,3.0,1.0
1,247,0,0.35822302568935216,0,max_f1,0.43,TN,66.0,1.0,1.0,160.0,246.0,0.0,1.0,120.0,1.0,0.0,1.0,3.0,1.0
2,289,0,0.09910698487257377,0,default,0.5,TN,55.0,0.0,0.0,128.0,205.0,0.0,2.0,130.0,1.0,2.0,1.0,1.0,3.0
2,289,0,0.09910698487257377,0,youden_j,0.46,TN,55.0,0.0,0.0,128.0,205.0,0.0,2.0,130.0,1.0,2.0,1.0,1.0,3.0
2,289,0,0.09910698487257377,0,max_f1,0.43,TN,55.0,0.0,0.0,128.0,205.0,0.0,2.0,130.0,1.0,2.0,1.0,1.0,3.0
3,288,0,0.045377280510444595,0,default,0.5,TN,57.0,1.0,0.0,110.0,335.0,0.0,1.0,143.0,1.0,3.0,1.0,1.0,3.0
3,288,0,0.045377280510444595,0,youden_j,0.46,TN,57.0,1.0,0.0,110.0,335.0,0.0,1.0,143.0,1.0,3.0,1.0,1.0,3.0
3,288,0,0.045377280510444595,0,max_f1,0.43,TN,57.0,1.0,0.0,110.0,335.0,0.0,1.0,143.0,1.0,3.0,1.0,1.0,3.0
4,60,1,0.8075251911394659,1,default,0.5,TP,71.0,0.0,2.0,110.0,265.0,1.0,0.0,130.0,0.0,0.0,2.0,1.0,2.0
4,60,1,0.8075251911394659,1,youden_j,0.46,TP,71.0,0.0,2.0,110.0,265.0,1.0,0.0,130.0,0.0,0.0,2.0,1.0,2.0
4,60,1,0.8075251911394659,1,max_f1,0.43,TP,71.0,0.0,2.0,110.0,265.0,1.0,0.0,130.0,0.0,0.0,2.0,1.0,2.0
5,150,1,0.265942757798431,0,default,0.5,FN,66.0,1.0,0.0,160.0,228.0,0.0,0.0,138.0,0.0,2.3,2.0,0.0,1.0
5,150,1,0.265942757798431,0,youden_j,0.46,FN,66.0,1.0,0.0,160.0,228.0,0.0,0.0,138.0,0.0,2.3,2.0,0.0,1.0
5,150,1,0.265942757798431,0,max_f1,0.43,FN,66.0,1.0,0.0,160.0,228.0,0.0,0.0,138.0,0.0,2.3,2.0,0.0,1.0
6,71,1,0.5493347245808424,1,default,0.5,TP,51.0,1.0,2.0,94.0,227.0,0.0,1.0,154.0,1.0,0.0,2.0,1.0,3.0
6,71,1,0.5493347245808424,1,youden_j,0.46,TP,51.0,1.0,2.0,94.0,227.0,0.0,1.0,154.0,1.0,0.0,2.0,1.0,3.0
6,71,1,0.5493347245808424,1,max_f1,0.43,TP,51.0,1.0,2.0,94.0,227.0,0.0,1.0,154.0,1.0,0.0,2.0,1.0,3.0
7,2,1,0.9191770658564383,1,default,0.5,TP,41.0,0.0,1.0,130.0,204.0,0.0,0.0,172.0,0.0,1.4,2.0,0.0,2.0
7,2,1,0.9191770658564383,1,youden_j,0.46,TP,41.0,0.0,1.0,130.0,204.0,0.0,0.0,172.0,0.0,1.4,2.0,0.0,2.0
7,2,1,0.9191770658564383,1,max_f1,0.43,TP,41.0,0.0,1.0,130.0,204.0,0.0,0.0,172.0,0.0,1.4,2.0,0.0,2.0
8,198,0,0.049227198794217025,0,default,0.5,TN,62.0,1.0,0.0,120.0,267.0,0.0,1.0,99.0,1.0,1.8,1.0,2.0,3.0
8,198,0,0.049227198794217025,0,youden_j,0.46,TN,62.0,1.0,0.0,120.0,267.0,0.0,1.0,99.0,1.0,1.8,1.0,2.0,3.0
8,198,0,0.049227198794217025,0,max_f1,0.43,TN,62.0,1.0,0.0,120.0,267.0,0.0,1.0,99.0,1.0,1.8,1.0,2.0,3.0
9,92,1,0.9262396240324001,1,default,0.5,TP,52.0,1.0,2.0,138.0,223.0,0.0,1.0,169.0,0.0,0.0,2.0,4.0,2.0
9,92,1,0.9262396240324001,1,youden_j,0.46,TP,52.0,1.0,2.0,138.0,223.0,0.0,1.0,169.0,0.0,0.0,2.0,4.0,2.0
9,92,1,0.9262396240324001,1,max_f1,0.43,TP,52.0,1.0,2.0,138.0,223.0,0.0,1.0,169.0,0.0,0.0,2.0,4.0,2.0
10,230,0,0.9576421751794639,1,default,0.5,FP,47.0,1.0,2.0,108.0,243.0,0.0,1.0,152.0,0.0,0.0,2.0,0.0,2.0
10,230,0,0.9576421751794639,1,youden_j,0.46,FP,47.0,1.0,2.0,108.0,243.0,0.0,1.0,152.0,0.0,0.0,2.0,0.0,2.0
10,230,0,0.9576421751794639,1,max_f1,0.43,FP,47.0,1.0,2.0,108.0,243.0,0.0,1.0,152.0,0.0,0.0,2.0,0.0,2.0
11,79,1,0.4468975787787078,0,default,0.5,FN,58.0,1.0,2.0,105.0,240.0,0.0,0.0,154.0,1.0,0.6,1.0,0.0,3.0
11,79,1,0.4468975787787078,0,youden_j,0.46,FN,58.0,1.0,2.0,105.0,240.0,0.0,0.0,154.0,1.0,0.6,1.0,0.0,3.0
11,79,1,0.4468975787787078,1,max_f1,0.43,TP,58.0,1.0,2.0,105.0,240.0,0.0,0.0,154.0,1.0,0.6,1.0,0.0,3.0
12,205,0,0.2654999867585188,0,default,0.5,TN,52.0,1.0,0.0,128.0,255.0,0.0,1.0,161.0,1.0,0.0,2.0,1.0,3.0
12,205,0,0.2654999867585188,0,youden_j,0.46,TN,52.0,1.0,0.0,128.0,255.0,0.0,1.0,161.0,1.0,0.0,2.0,1.0,3.0
12,205,0,0.2654999867585188,0,max_f1,0.43,TN,52.0,1.0,0.0,128.0,255.0,0.0,1.0,161.0,1.0,0.0,2.0,1.0,3.0
13,172,0,0.7377090601944806,1,default,0.5,FP,58.0,1.0,1.0,120.0,284.0,0.0,0.0,160.0,0.0,1.8,1.0,0.0,2.0
13,172,0,0.7377090601944806,1,youden_j,0.46,FP,58.0,1.0,1.0,120.0,284.0,0.0,0.0,160.0,0.0,1.8,1.0,0.0,2.0
13,172,0,0.7377090601944806,1,max_f1,0.43,FP,58.0,1.0,1.0,120.0,284.0,0.0,0.0,160.0,0.0,1.8,1.0,0.0,2.0
14,178,0,0.12130791483180219,0,default,0.5,TN,43.0,1.0,0.0,120.0,177.0,0.0,0.0,120.0,1.0,2.5,1.0,0.0,3.0
14,178,0,0.12130791483180219,0,youden_j,0.46,TN,43.0,1.0,0.0,120.0,177.0,0.0,0.0,120.0,1.0,2.5,1.0,0.0,3.0
14,178,0,0.12130791483180219,0,max_f1,0.43,TN,43.0,1.0,0.0,120.0,177.0,0.0,0.0,120.0,1.0,2.5,1.0,0.0,3.0
15,3,1,0.9329660297045264,1,default,0.5,TP,56.0,1.0,1.0,120.0,236.0,0.0,1.0,178.0,0.0,0.8,2.0,0.0,2.0
15,3,1,0.9329660297045264,1,youden_j,0.46,TP,56.0,1.0,1.0,120.0,236.0,0.0,1.0,178.0,0.0,0.8,2.0,0.0,2.0
15,3,1,0.9329660297045264,1,max_f1,0.43,TP,56.0,1.0,1.0,120.0,236.0,0.0,1.0,178.0,0.0,0.8,2.0,0.0,2.0
16,233,0,0.10793249548064436,0,default,0.5,TN,64.0,1.0,0.0,120.0,246.0,0.0,0.0,96.0,1.0,2.2,0.0,1.0,2.0
16,233,0,0.10793249548064436,0,youden_j,0.46,TN,64.0,1.0,0.0,120.0,246.0,0.0,0.0,96.0,1.0,2.2,0.0,1.0,2.0
16,233,0,0.10793249548064436,0,max_f1,0.43,TN,64.0,1.0,0.0,120.0,246.0,0.0,0.0,96.0,1.0,2.2,0.0,1.0,2.0
17,246,0,0.05846672561159599,0,default,0.5,TN,56.0,0.0,0.0,134.0,409.0,0.0,0.0,150.0,1.0,1.9,1.0,2.0,3.0
17,246,0,0.05846672561159599,0,youden_j,0.46,TN,56.0,0.0,0.0,134.0,409.0,0.0,0.0,150.0,1.0,1.9,1.0,2.0,3.0
17,246,0,0.05846672561159599,0,max_f1,0.43,TN,56.0,0.0,0.0,134.0,409.0,0.0,0.0,150.0,1.0,1.9,1.0,2.0,3.0
18,10,1,0.7418421250388356,1,default,0.5,TP,54.0,1.0,0.0,140.0,239.0,0.0,1.0,160.0,0.0,1.2,2.0,0.0,2.0
18,10,1,0.7418421250388356,1,youden_j,0.46,TP,54.0,1.0,0.0,140.0,239.0,0.0,1.0,160.0,0.0,1.2,2.0,0.0,2.0
18,10,1,0.7418421250388356,1,max_f1,0.43,TP,54.0,1.0,0.0,140.0,239.0,0.0,1.0,160.0,0.0,1.2,2.0,0.0,2.0
19,33,1,0.6802652856801151,1,default,0.5,TP,54.0,1.0,2.0,125.0,273.0,0.0,0.0,152.0,0.0,0.5,0.0,1.0,2.0
19,33,1,0.6802652856801151,1,youden_j,0.46,TP,54.0,1.0,2.0,125.0,273.0,0.0,0.0,152.0,0.0,0.5,0.0,1.0,2.0
19,33,1,0.6802652856801151,1,max_f1,0.43,TP,54.0,1.0,2.0,125.0,273.0,0.0,0.0,152.0,0.0,0.5,0.0,1.0,2.0
20,199,0,0.4535116381629888,0,default,0.5,TN,65.0,1.0,0.0,110.0,248.0,0.0,0.0,158.0,0.0,0.6,2.0,2.0,1.0
20,199,0,0.4535116381629888,0,youden_j,0.46,TN,65.0,1.0,0.0,110.0,248.0,0.0,0.0,158.0,0.0,0.6,2.0,2.0,1.0
20,199,0,0.4535116381629888,1,max_f1,0.43,FP,65.0,1.0,0.0,110.0,248.0,0.0,0.0,158.0,0.0,0.6,2.0,2.0,1.0
21,24,1,0.6401201620121466,1,default,0.5,TP,40.0,1.0,3.0,140.0,199.0,0.0,1.0,178.0,1.0,1.4,2.0,0.0,3.0
21,24,1,0.6401201620121466,1,youden_j,0.46,TP,40.0,1.0,3.0,140.0,199.0,0.0,1.0,178.0,1.0,1.4,2.0,0.0,3.0
21,24,1,0.6401201620121466,1,max_f1,0.43,TP,40.0,1.0,3.0,140.0,199.0,0.0,1.0,178.0,1.0,1.4,2.0,0.0,3.0
22,81,1,0.8476325056717264,1,default,0.5,TP,45.0,1.0,1.0,128.0,308.0,0.0,0.0,170.0,0.0,0.0,2.0,0.0,2.0
22,81,1,0.8476325056717264,1,youden_j,0.46,TP,45.0,1.0,1.0,128.0,308.0,0.0,0.0,170.0,0.0,0.0,2.0,0.0,2.0
22,81,1,0.8476325056717264,1,max_f1,0.43,TP,45.0,1.0,1.0,128.0,308.0,0.0,0.0,170.0,0.0,0.0,2.0,0.0,2.0
23,59,1,0.6078752043230298,1,default,0.5,TP,57.0,0.0,0.0,128.0,303.0,0.0,0.0,159.0,0.0,0.0,2.0,1.0,2.0
23,59,1,0.6078752043230298,1,youden_j,0.46,TP,57.0,0.0,0.0,128.0,303.0,0.0,0.0,159.0,0.0,0.0,2.0,1.0,2.0
23,59,1,0.6078752043230298,1,max_f1,0.43,TP,57.0,0.0,0.0,128.0,303.0,0.0,0.0,159.0,0.0,0.0,2.0,1.0,2.0
24,137,1,0.8676167324712235,1,default,0.5,TP,62.0,1.0,1.0,128.0,208.0,1.0,0.0,140.0,0.0,0.0,2.0,0.0,2.0
24,137,1,0.8676167324712235,1,youden_j,0.46,TP,62.0,1.0,1.0,128.0,208.0,1.0,0.0,140.0,0.0,0.0,2.0,0.0,2.0
24,137,1,0.8676167324712235,1,max_f1,0.43,TP,62.0,1.0,1.0,128.0,208.0,1.0,0.0,140.0,0.0,0.0,2.0,0.0,2.0
25,177,0,0.9043328956216031,1,default,0.5,FP,64.0,1.0,2.0,140.0,335.0,0.0,1.0,158.0,0.0,0.0,2.0,0.0,2.0
25,177,0,0.9043328956216031,1,youden_j,0.46,FP,64.0,1.0,2.0,140.0,335.0,0.0,1.0,158.0,0.0,0.0,2.0,0.0,2.0
25,177,0,0.9043328956216031,1,max_f1,0.43,FP,64.0,1.0,2.0,140.0,335.0,0.0,1.0,158.0,0.0,0.0,2.0,0.0,2.0
26,139,1,0.056306565129376505,0,default,0.5,FN,64.0,1.0,0.0,128.0,263.0,0.0,1.0,105.0,1.0,0.2,1.0,1.0,3.0
26,139,1,0.056306565129376505,0,youden_j,0.46,FN,64.0,1.0,0.0,128.0,263.0,0.0,1.0,105.0,1.0,0.2,1.0,1.0,3.0
26,139,1,0.056306565129376505,0,max_f1,0.43,FN,64.0,1.0,0.0,128.0,263.0,0.0,1.0,105.0,1.0,0.2,1.0,1.0,3.0
27,90,1,0.8740550946975054,1,default,0.5,TP,48.0,1.0,2.0,124.0,255.0,1.0,1.0,175.0,0.0,0.0,2.0,2.0,2.0
27,90,1,0.8740550946975054,1,youden_j,0.46,TP,48.0,1.0,2.0,124.0,255.0,1.0,1.0,175.0,0.0,0.0,2.0,2.0,2.0
27,90,1,0.8740550946975054,1,max_f1,0.43,TP,48.0,1.0,2.0,124.0,255.0,1.0,1.0,175.0,0.0,0.0,2.0,2.0,2.0
28,250,0,0.027057474333260844,0,default,0.5,TN,51.0,1.0,0.0,140.0,298.0,0.0,1.0,122.0,1.0,4.2,1.0,3.0,3.0
28,250,0,0.027057474333260844,0,youden_j,0.46,TN,51.0,1.0,0.0,140.0,298.0,0.0,1.0,122.0,1.0,4.2,1.0,3.0,3.0
28,250,0,0.027057474333260844,0,max_f1,0.43,TN,51.0,1.0,0.0,140.0,298.0,0.0,1.0,122.0,1.0,4.2,1.0,3.0,3.0
29,32,1,0.920184416343097,1,default,0.5,TP,44.0,1.0,1.0,130.0,219.0,0.0,0.0,188.0,0.0,0.0,2.0,0.0,2.0
29,32,1,0.920184416343097,1,youden_j,0.46,TP,44.0,1.0,1.0,130.0,219.0,0.0,0.0,188.0,0.0,0.0,2.0,0.0,2.0
29,32,1,0.920184416343097,1,max_f1,0.43,TP,44.0,1.0,1.0,130.0,219.0,0.0,0.0,188.0,0.0,0.0,2.0,0.0,2.0
30,214,0,0.24096121271652998,0,default,0.5,TN,56.0,1.0,0.0,125.0,249.0,1.0,0.0,144.0,1.0,1.2,1.0,1.0,2.0
30,214,0,0.24096121271652998,0,youden_j,0.46,TN,56.0,1.0,0.0,125.0,249.0,1.0,0.0,144.0,1.0,1.2,1.0,1.0,2.0
30,214,0,0.24096121271652998,0,max_f1,0.43,TN,56.0,1.0,0.0,125.0,249.0,1.0,0.0,144.0,1.0,1.2,1.0,1.0,2.0
31,45,1,0.8922360288757722,1,default,0.5,TP,52.0,1.0,1.0,120.0,325.0,0.0,1.0,172.0,0.0,0.2,2.0,0.0,2.0
31,45,1,0.8922360288757722,1,youden_j,0.46,TP,52.0,1.0,1.0,120.0,325.0,0.0,1.0,172.0,0.0,0.2,2.0,0.0,2.0
31,45,1,0.8922360288757722,1,max_f1,0.43,TP,52.0,1.0,1.0,120.0,325.0,0.0,1.0,172.0,0.0,0.2,2.0,0.0,2.0
32,295,0,0.05951790807733591,0,default,0.5,TN,63.0,1.0,0.0,140.0,187.0,0.0,0.0,144.0,1.0,4.0,2.0,2.0,3.0
32,295,0,0.05951790807733591,0,youden_j,0.46,TN,63.0,1.0,0.0,140.0,187.0,0.0,0.0,144.0,1.0,4.0,2.0,2.0,3.0
32,295,0,0.05951790807733591,0,max_f1,0.43,TN,63.0,1.0,0.0,140.0,187.0,0.0,0.0,144.0,1.0,4.0,2.0,2.0,3.0
33,11,1,0.9234143322453792,1,default,0.5,TP,48.0,0.0,2.0,130.0,275.0,0.0,1.0,139.0,0.0,0.2,2.0,0.0,2.0
33,11,1,0.9234143322453792,1,youden_j,0.46,TP,48.0,0.0,2.0,130.0,275.0,0.0,1.0,139.0,0.0,0.2,2.0,0.0,2.0
33,11,1,0.9234143322453792,1,max_f1,0.43,TP,48.0,0.0,2.0,130.0,275.0,0.0,1.0,139.0,0.0,0.2,2.0,0.0,2.0
34,189,0,0.7210126261076117,1,default,0.5,FP,41.0,1.0,0.0,110.0,172.0,0.0,0.0,158.0,0.0,0.0,2.0,0.0,3.0
34,189,0,0.7210126261076117,1,youden_j,0.46,FP,41.0,1.0,0.0,110.0,172.0,0.0,0.0,158.0,0.0,0.0,2.0,0.0,3.0
34,189,0,0.7210126261076117,1,max_f1,0.43,FP,41.0,1.0,0.0,110.0,172.0,0.0,0.0,158.0,0.0,0.0,2.0,0.0,3.0
35,82,1,0.8672873106226116,1,default,0.5,TP,60.0,0.0,2.0,102.0,318.0,0.0,1.0,160.0,0.0,0.0,2.0,1.0,2.0
35,82,1,0.8672873106226116,1,youden_j,0.46,TP,60.0,0.0,2.0,102.0,318.0,0.0,1.0,160.0,0.0,0.0,2.0,1.0,2.0
35,82,1,0.8672873106226116,1,max_f1,0.43,TP,60.0,0.0,2.0,102.0,318.0,0.0,1.0,160.0,0.0,0.0,2.0,1.0,2.0
36,87,1,0.8133728160816027,1,default,0.5,TP,46.0,1.0,1.0,101.0,197.0,1.0,1.0,156.0,0.0,0.0,2.0,0.0,3.0
36,87,1,0.8133728160816027,1,youden_j,0.46,TP,46.0,1.0,1.0,101.0,197.0,1.0,1.0,156.0,0.0,0.0,2.0,0.0,3.0
36,87,1,0.8133728160816027,1,max_f1,0.43,TP,46.0,1.0,1.0,101.0,197.0,1.0,1.0,156.0,0.0,0.0,2.0,0.0,3.0
37,111,1,0.708636111602185,1,default,0.5,TP,57.0,1.0,2.0,150.0,126.0,1.0,1.0,173.0,0.0,0.2,2.0,1.0,3.0
37,111,1,0.708636111602185,1,youden_j,0.46,TP,57.0,1.0,2.0,150.0,126.0,1.0,1.0,173.0,0.0,0.2,2.0,1.0,3.0
37,111,1,0.708636111602185,1,max_f1,0.43,TP,57.0,1.0,2.0,150.0,126.0,1.0,1.0,173.0,0.0,0.2,2.0,1.0,3.0
38,98,1,0.6521577997199961,1,default,0.5,TP,43.0,1.0,2.0,130.0,315.0,0.0,1.0,162.0,0.0,1.9,2.0,1.0,2.0
38,98,1,0.6521577997199961,1,youden_j,0.46,TP,43.0,1.0,2.0,130.0,315.0,0.0,1.0,162.0,0.0,1.9,2.0,1.0,2.0
38,98,1,0.6521577997199961,1,max_f1,0.43,TP,43.0,1.0,2.0,130.0,315.0,0.0,1.0,162.0,0.0,1.9,2.0,1.0,2.0
39,270,0,0.4450825797078199,0,default,0.5,TN,46.0,1.0,0.0,120.0,249.0,0.0,0.0,144.0,0.0,0.8,2.0,0.0,3.0
39,270,0,0.4450825797078199,0,youden_j,0.46,TN,46.0,1.0,0.0,120.0,249.0,0.0,0.0,144.0,0.0,0.8,2.0,0.0,3.0
39,270,0,0.4450825797078199,1,max_f1,0.43,FP,46.0,1.0,0.0,120.0,249.0,0.0,0.0,144.0,0.0,0.8,2.0,0.0,3.0
40,86,1,0.4668117631286033,0,default,0.5,FN,68.0,1.0,2.0,118.0,277.0,0.0,1.0,151.0,0.0,1.0,2.0,1.0,3.0
40,86,1,0.4668117631286033,1,youden_j,0.46,TP,68.0,1.0,2.0,118.0,277.0,0.0,1.0,151.0,0.0,1.0,2.0,1.0,3.0
40,86,1,0.4668117631286033,1,max_f1,0.43,TP,68.0,1.0,2.0,118.0,277.0,0.0,1.0,151.0,0.0,1.0,2.0,1.0,3.0
41,127,1,0.9012195724721745,1,default,0.5,TP,67.0,0.0,2.0,152.0,277.0,0.0,1.0,172.0,0.0,0.0,2.0,1.0,2.0
41,127,1,0.9012195724721745,1,youden_j,0.46,TP,67.0,0.0,2.0,152.0,277.0,0.0,1.0,172.0,0.0,0.0,2.0,1.0,2.0
41,127,1,0.9012195724721745,1,max_f1,0.43,TP,67.0,0.0,2.0,152.0,277.0,0.0,1.0,172.0,0.0,0.0,2.0,1.0,2.0
42,235,0,0.2791247355527505,0,default,0.5,TN,51.0,1.0,0.0,140.0,299.0,0.0,1.0,173.0,1.0,1.6,2.0,0.0,3.0
42,235,0,0.2791247355527505,0,youden_j,0.46,TN,51.0,1.0,0.0,140.0,299.0,0.0,1.0,173.0,1.0,1.6,2.0,0.0,3.0
42,235,0,0.2791247355527505,0,max_f1,0.43,TN,51.0,1.0,0.0,140.0,299.0,0.0,1.0,173.0,1.0,1.6,2.0,0.0,3.0
43,119,1,0.5698017781420434,1,default,0.5,TP,46.0,0.0,0.0,138.0,243.0,0.0,0.0,152.0,1.0,0.0,1.0,0.0,2.0
43,119,1,0.5698017781420434,1,youden_j,0.46,TP,46.0,0.0,0.0,138.0,243.0,0.0,0.0,152.0,1.0,0.0,1.0,0.0,2.0
43,119,1,0.5698017781420434,1,max_f1,0.43,TP,46.0,0.0,0.0,138.0,243.0,0.0,0.0,152.0,1.0,0.0,1.0,0.0,2.0
44,259,0,0.30776157784163727,0,default,0.5,TN,38.0,1.0,3.0,120.0,231.0,0.0,1.0,182.0,1.0,3.8,1.0,0.0,3.0
44,259,0,0.30776157784163727,0,youden_j,0.46,TN,38.0,1.0,3.0,120.0,231.0,0.0,1.0,182.0,1.0,3.8,1.0,0.0,3.0
44,259,0,0.30776157784163727,0,max_f1,0.43,TN,38.0,1.0,3.0,120.0,231.0,0.0,1.0,182.0,1.0,3.8,1.0,0.0,3.0
45,20,1,0.3927763105226097,0,default,0.5,FN,59.0,1.0,0.0,135.0,234.0,0.0,1.0,161.0,0.0,0.5,1.0,0.0,3.0
45,20,1,0.3927763105226097,0,youden_j,0.46,FN,59.0,1.0,0.0,135.0,234.0,0.0,1.0,161.0,0.0,0.5,1.0,0.0,3.0
45,20,1,0.3927763105226097,0,max_f1,0.43,FN,59.0,1.0,0.0,135.0,234.0,0.0,1.0,161.0,0.0,0.5,1.0,0.0,3.0
46,168,0,0.10067873309687947,0,default,0.5,TN,63.0,1.0,0.0,130.0,254.0,0.0,0.0,147.0,0.0,1.4,1.0,1.0,3.0
46,168,0,0.10067873309687947,0,youden_j,0.46,TN,63.0,1.0,0.0,130.0,254.0,0.0,0.0,147.0,0.0,1.4,1.0,1.0,3.0
46,168,0,0.10067873309687947,0,max_f1,0.43,TN,63.0,1.0,0.0,130.0,254.0,0.0,0.0,147.0,0.0,1.4,1.0,1.0,3.0
47,146,1,0.7858620550434344,1,default,0.5,TP,44.0,0.0,2.0,118.0,242.0,0.0,1.0,149.0,0.0,0.3,1.0,1.0,2.0
47,146,1,0.7858620550434344,1,youden_j,0.46,TP,44.0,0.0,2.0,118.0,242.0,0.0,1.0,149.0,0.0,0.3,1.0,1.0,2.0
47,146,1,0.7858620550434344,1,max_f1,0.43,TP,44.0,0.0,2.0,118.0,242.0,0.0,1.0,149.0,0.0,0.3,1.0,1.0,2.0
48,144,1,0.7907959778189049,1,default,0.5,TP,76.0,0.0,2.0,140.0,197.0,0.0,2.0,116.0,0.0,1.1,1.0,0.0,2.0
48,144,1,0.7907959778189049,1,youden_j,0.46,TP,76.0,0.0,2.0,140.0,197.0,0.0,2.0,116.0,0.0,1.1,1.0,0.0,2.0
48,144,1,0.7907959778189049,1,max_f1,0.43,TP,76.0,0.0,2.0,140.0,197.0,0.0,2.0,116.0,0.0,1.1,1.0,0.0,2.0
49,200,0,0.8182562986508193,1,default,0.5,FP,44.0,1.0,0.0,110.0,197.0,0.0,0.0,177.0,0.0,0.0,2.0,1.0,2.0
49,200,0,0.8182562986508193,1,youden_j,0.46,FP,44.0,1.0,0.0,110.0,197.0,0.0,0.0,177.0,0.0,0.0,2.0,1.0,2.0
49,200,0,0.8182562986508193,1,max_f1,0.43,FP,44.0,1.0,0.0,110.0,197.0,0.0,0.0,177.0,0.0,0.0,2.0,1.0,2.0
50,216,0,0.29224066632964585,0,default,0.5,TN,62.0,0.0,2.0,130.0,263.0,0.0,1.0,97.0,0.0,1.2,1.0,1.0,3.0
50,216,0,0.29224066632964585,0,youden_j,0.46,TN,62.0,0.0,2.0,130.0,263.0,0.0,1.0,97.0,0.0,1.2,1.0,1.0,3.0
50,216,0,0.29224066632964585,0,max_f1,0.43,TN,62.0,0.0,2.0,130.0,263.0,0.0,1.0,97.0,0.0,1.2,1.0,1.0,3.0
51,213,0,0.17278837906229844,0,default,0.5,TN,61.0,0.0,0.0,145.0,307.0,0.0,0.0,146.0,1.0,1.0,1.0,0.0,3.0
51,213,0,0.17278837906229844,0,youden_j,0.46,TN,61.0,0.0,0.0,145.0,307.0,0.0,0.0,146.0,1.0,1.0,1.0,0.0,3.0
51,213,0,0.17278837906229844,0,max_f1,0.43,TN,61.0,0.0,0.0,145.0,307.0,0.0,0.0,146.0,1.0,1.0,1.0,0.0,3.0
52,47,1,0.9002945405093193,1,default,0.5,TP,47.0,1.0,2.0,138.0,257.0,0.0,0.0,156.0,0.0,0.0,2.0,0.0,2.0
52,47,1,0.9002945405093193,1,youden_j,0.46,TP,47.0,1.0,2.0,138.0,257.0,0.0,0.0,156.0,0.0,0.0,2.0,0.0,2.0
52,47,1,0.9002945405093193,1,max_f1,0.43,TP,47.0,1.0,2.0,138.0,257.0,0.0,0.0,156.0,0.0,0.0,2.0,0.0,2.0
53,173,0,0.45422099995329007,0,default,0.5,TN,58.0,1.0,2.0,132.0,224.0,0.0,0.0,173.0,0.0,3.2,2.0,2.0,3.0
53,173,0,0.45422099995329007,0,youden_j,0.46,TN,58.0,1.0,2.0,132.0,224.0,0.0,0.0,173.0,0.0,3.2,2.0,2.0,3.0
53,173,0,0.45422099995329007,1,max_f1,0.43,FP,58.0,1.0,2.0,132.0,224.0,0.0,0.0,173.0,0.0,3.2,2.0,2.0,3.0
54,106,1,0.4877401311099211,0,default,0.5,FN,69.0,1.0,3.0,160.0,234.0,1.0,0.0,131.0,0.0,0.1,1.0,1.0,2.0
54,106,1,0.4877401311099211,1,youden_j,0.46,TP,69.0,1.0,3.0,160.0,234.0,1.0,0.0,131.0,0.0,0.1,1.0,1.0,2.0
54,106,1,0.4877401311099211,1,max_f1,0.43,TP,69.0,1.0,3.0,160.0,234.0,1.0,0.0,131.0,0.0,0.1,1.0,1.0,2.0
55,164,1,0.945517105349019,1,default,0.5,TP,38.0,1.0,2.0,138.0,175.0,0.0,1.0,173.0,0.0,0.0,2.0,4.0,2.0
55,164,1,0.945517105349019,1,youden_j,0.46,TP,38.0,1.0,2.0,138.0,175.0,0.0,1.0,173.0,0.0,0.0,2.0,4.0,2.0
55,164,1,0.945517105349019,1,max_f1,0.43,TP,38.0,1.0,2.0,138.0,175.0,0.0,1.0,173.0,0.0,0.0,2.0,4.0,2.0
56,238,0,0.5036096152839235,1,default,0.5,FP,77.0,1.0,0.0,125.0,304.0,0.0,0.0,162.0,1.0,0.0,2.0,3.0,2.0
56,238,0,0.5036096152839235,1,youden_j,0.46,FP,77.0,1.0,0.0,125.0,304.0,0.0,0.0,162.0,1.0,0.0,2.0,3.0,2.0
56,238,0,0.5036096152839235,1,max_f1,0.43,FP,77.0,1.0,0.0,125.0,304.0,0.0,0.0,162.0,1.0,0.0,2.0,3.0,2.0
57,277,0,0.6907070168326532,1,default,0.5,FP,57.0,1.0,1.0,124.0,261.0,0.0,1.0,141.0,0.0,0.3,2.0,0.0,3.0
57,277,0,0.6907070168326532,1,youden_j,0.46,FP,57.0,1.0,1.0,124.0,261.0,0.0,1.0,141.0,0.0,0.3,2.0,0.0,3.0
57,277,0,0.6907070168326532,1,max_f1,0.43,FP,57.0,1.0,1.0,124.0,261.0,0.0,1.0,141.0,0.0,0.3,2.0,0.0,3.0
58,42,1,0.23301504199465967,0,default,0.5,FN,45.0,1.0,0.0,104.0,208.0,0.0,0.0,148.0,1.0,3.0,1.0,0.0,2.0
58,42,1,0.23301504199465967,0,youden_j,0.46,FN,45.0,1.0,0.0,104.0,208.0,0.0,0.0,148.0,1.0,3.0,1.0,0.0,2.0
58,42,1,0.23301504199465967,0,max_f1,0.43,FN,45.0,1.0,0.0,104.0,208.0,0.0,0.0,148.0,1.0,3.0,1.0,0.0,2.0
59,8,1,0.7535921681125763,1,default,0.5,TP,52.0,1.0,2.0,172.0,199.0,1.0,1.0,162.0,0.0,0.5,2.0,0.0,3.0
59,8,1,0.7535921681125763,1,youden_j,0.46,TP,52.0,1.0,2.0,172.0,199.0,1.0,1.0,162.0,0.0,0.5,2.0,0.0,3.0
59,8,1,0.7535921681125763,1,max_f1,0.43,TP,52.0,1.0,2.0,172.0,199.0,1.0,1.0,162.0,0.0,0.5,2.0,0.0,3.0
60,68,1,0.9447678951600633,1,default,0.5,TP,44.0,1.0,1.0,120.0,220.0,0.0,1.0,170.0,0.0,0.0,2.0,0.0,2.0
60,68,1,0.9447678951600633,1,youden_j,0.46,TP,44.0,1.0,1.0,120.0,220.0,0.0,1.0,170.0,0.0,0.0,2.0,0.0,2.0
60,68,1,0.9447678951600633,1,max_f1,0.43,TP,44.0,1.0,1.0,120.0,220.0,0.0,1.0,170.0,0.0,0.0,2.0,0.0,2.0
61,161,1,0.8774477667251827,1,default,0.5,TP,55.0,0.0,1.0,132.0,342.0,0.0,1.0,166.0,0.0,1.2,2.0,0.0,2.0
61,161,1,0.8774477667251827,1,youden_j,0.46,TP,55.0,0.0,1.0,132.0,342.0,0.0,1.0,166.0,0.0,1.2,2.0,0.0,2.0
61,161,1,0.8774477667251827,1,max_f1,0.43,TP,55.0,0.0,1.0,132.0,342.0,0.0,1.0,166.0,0.0,1.2,2.0,0.0,2.0
62,69,1,0.9021741668565568,1,default,0.5,TP,62.0,0.0,0.0,124.0,209.0,0.0,1.0,163.0,0.0,0.0,2.0,0.0,2.0
62,69,1,0.9021741668565568,1,youden_j,0.46,TP,62.0,0.0,0.0,124.0,209.0,0.0,1.0,163.0,0.0,0.0,2.0,0.0,2.0
62,69,1,0.9021741668565568,1,max_f1,0.43,TP,62.0,0.0,0.0,124.0,209.0,0.0,1.0,163.0,0.0,0.0,2.0,0.0,2.0
63,80,1,0.9591958950674094,1,default,0.5,TP,41.0,1.0,2.0,112.0,250.0,0.0,1.0,179.0,0.0,0.0,2.0,0.0,2.0
63,80,1,0.9591958950674094,1,youden_j,0.46,TP,41.0,1.0,2.0,112.0,250.0,0.0,1.0,179.0,0.0,0.0,2.0,0.0,2.0
63,80,1,0.9591958950674094,1,max_f1,0.43,TP,41.0,1.0,2.0,112.0,250.0,0.0,1.0,179.0,0.0,0.0,2.0,0.0,2.0
64,84,1,0.4853933396875707,0,default,0.5,FN,42.0,0.0,0.0,102.0,265.0,0.0,0.0,122.0,0.0,0.6,1.0,0.0,2.0
64,84,1,0.4853933396875707,1,youden_j,0.46,TP,42.0,0.0,0.0,102.0,265.0,0.0,0.0,122.0,0.0,0.6,1.0,0.0,2.0
64,84,1,0.4853933396875707,1,max_f1,0.43,TP,42.0,0.0,0.0,102.0,265.0,0.0,0.0,122.0,0.0,0.6,1.0,0.0,2.0
65,182,0,0.8104220518363878,1,default,0.5,FP,61.0,0.0,0.0,130.0,330.0,0.0,0.0,169.0,0.0,0.0,2.0,0.0,2.0
65,182,0,0.8104220518363878,1,youden_j,0.46,FP,61.0,0.0,0.0,130.0,330.0,0.0,0.0,169.0,0.0,0.0,2.0,0.0,2.0
65,182,0,0.8104220518363878,1,max_f1,0.43,FP,61.0,0.0,0.0,130.0,330.0,0.0,0.0,169.0,0.0,0.0,2.0,0.0,2.0
66,260,0,0.15444678112805313,0,default,0.5,TN,66.0,0.0,0.0,178.0,228.0,1.0,1.0,165.0,1.0,1.0,1.0,2.0,3.0
66,260,0,0.15444678112805313,0,youden_j,0.46,TN,66.0,0.0,0.0,178.0,228.0,1.0,1.0,165.0,1.0,1.0,1.0,2.0,3.0
66,260,0,0.15444678112805313,0,max_f1,0.43,TN,66.0,0.0,0.0,178.0,228.0,1.0,1.0,165.0,1.0,1.0,1.0,2.0,3.0
67,163,1,0.9490056561657715,1,default,0.5,TP,38.0,1.0,2.0,138.0,175.0,0.0,1.0,173.0,0.0,0.0,2.0,4.0,2.0
67,163,1,0.9490056561657715,1,youden_j,0.46,TP,38.0,1.0,2.0,138.0,175.0,0.0,1.0,173.0,0.0,0.0,2.0,4.0,2.0
67,163,1,0.9490056561657715,1,max_f1,0.43,TP,38.0,1.0,2.0,138.0,175.0,0.0,1.0,173.0,0.0,0.0,2.0,4.0,2.0
68,222,0,0.5611505405253889,1,default,0.5,FP,65.0,1.0,3.0,138.0,282.0,1.0,0.0,174.0,0.0,1.4,1.0,1.0,2.0
68,222,0,0.5611505405253889,1,youden_j,0.46,FP,65.0,1.0,3.0,138.0,282.0,1.0,0.0,174.0,0.0,1.4,1.0,1.0,2.0
68,222,0,0.5611505405253889,1,max_f1,0.43,FP,65.0,1.0,3.0,138.0,282.0,1.0,0.0,174.0,0.0,1.4,1.0,1.0,2.0
69,280,0,0.14922135579329837,0,default,0.5,TN,42.0,1.0,0.0,136.0,315.0,0.0,1.0,125.0,1.0,1.8,1.0,0.0,1.0
69,280,0,0.14922135579329837,0,youden_j,0.46,TN,42.0,1.0,0.0,136.0,315.0,0.0,1.0,125.0,1.0,1.8,1.0,0.0,1.0
69,280,0,0.14922135579329837,0,max_f1,0.43,TN,42.0,1.0,0.0,136.0,315.0,0.0,1.0,125.0,1.0,1.8,1.0,0.0,1.0
70,175,0,0.1750819901898774,0,default,0.5,TN,40.0,1.0,0.0,110.0,167.0,0.0,0.0,114.0,1.0,2.0,1.0,0.0,3.0
70,175,0,0.1750819901898774,0,youden_j,0.46,TN,40.0,1.0,0.0,110.0,167.0,0.0,0.0,114.0,1.0,2.0,1.0,0.0,3.0
70,175,0,0.1750819901898774,0,max_f1,0.43,TN,40.0,1.0,0.0,110.0,167.0,0.0,0.0,114.0,1.0,2.0,1.0,0.0,3.0
71,158,1,0.46672675259785174,0,default,0.5,FN,58.0,1.0,1.0,125.0,220.0,0.0,1.0,144.0,0.0,0.4,1.0,4.0,3.0
71,158,1,0.46672675259785174,1,youden_j,0.46,TP,58.0,1.0,1.0,125.0,220.0,0.0,1.0,144.0,0.0,0.4,1.0,4.0,3.0
71,158,1,0.46672675259785174,1,max_f1,0.43,TP,58.0,1.0,1.0,125.0,220.0,0.0,1.0,144.0,0.0,0.4,1.0,4.0,3.0
72,115,1,0.96498063985307,1,default,0.5,TP,37.0,0.0,2.0,120.0,215.0,0.0,1.0,170.0,0.0,0.0,2.0,0.0,2.0
72,115,1,0.96498063985307,1,youden_j,0.46,TP,37.0,0.0,2.0,120.0,215.0,0.0,1.0,170.0,0.0,0.0,2.0,0.0,2.0
72,115,1,0.96498063985307,1,max_f1,0.43,TP,37.0,0.0,2.0,120.0,215.0,0.0,1.0,170.0,0.0,0.0,2.0,0.0,2.0
73,265,0,0.4538304903294875,0,default,0.5,TN,66.0,1.0,0.0,112.0,212.0,0.0,0.0,132.0,1.0,0.1,2.0,1.0,2.0
73,265,0,0.4538304903294875,0,youden_j,0.46,TN,66.0,1.0,0.0,112.0,212.0,0.0,0.0,132.0,1.0,0.1,2.0,1.0,2.0
73,265,0,0.4538304903294875,1,max_f1,0.43,FP,66.0,1.0,0.0,112.0,212.0,0.0,0.0,132.0,1.0,0.1,2.0,1.0,2.0
74,103,1,0.862792605657563,1,default,0.5,TP,42.0,1.0,2.0,120.0,240.0,1.0,1.0,194.0,0.0,0.8,0.0,0.0,3.0
74,103,1,0.862792605657563,1,youden_j,0.46,TP,42.0,1.0,2.0,120.0,240.0,1.0,1.0,194.0,0.0,0.8,0.0,0.0,3.0
74,103,1,0.862792605657563,1,max_f1,0.43,TP,42.0,1.0,2.0,120.0,240.0,1.0,1.0,194.0,0.0,0.8,0.0,0.0,3.0
75,208,0,0.4042293258607347,0,default,0.5,TN,49.0,1.0,2.0,120.0,188.0,0.0,1.0,139.0,0.0,2.0,1.0,3.0,3.0
75,208,0,0.4042293258607347,0,youden_j,0.46,TN,49.0,1.0,2.0,120.0,188.0,0.0,1.0,139.0,0.0,2.0,1.0,3.0,3.0
75,208,0,0.4042293258607347,0,max_f1,0.43,TN,49.0,1.0,2.0,120.0,188.0,0.0,1.0,139.0,0.0,2.0,1.0,3.0,3.0
76,132,1,0.9007140028703654,1,default,0.5,TP,42.0,1.0,1.0,120.0,295.0,0.0,1.0,162.0,0.0,0.0,2.0,0.0,2.0
76,132,1,0.9007140028703654,1,youden_j,0.46,TP,42.0,1.0,1.0,120.0,295.0,0.0,1.0,162.0,0.0,0.0,2.0,0.0,2.0
76,132,1,0.9007140028703654,1,max_f1,0.43,TP,42.0,1.0,1.0,120.0,295.0,0.0,1.0,162.0,0.0,0.0,2.0,0.0,2.0
77,50,1,0.9070520475855457,1,default,0.5,TP,51.0,0.0,2.0,130.0,256.0,0.0,0.0,149.0,0.0,0.5,2.0,0.0,2.0
77,50,1,0.9070520475855457,1,youden_j,0.46,TP,51.0,0.0,2.0,130.0,256.0,0.0,0.0,149.0,0.0,0.5,2.0,0.0,2.0
77,50,1,0.9070520475855457,1,max_f1,0.43,TP,51.0,0.0,2.0,130.0,256.0,0.0,0.0,149.0,0.0,0.5,2.0,0.0,2.0
78,243,0,0.03324721809493063,0,default,0.5,TN,57.0,1.0,0.0,152.0,274.0,0.0,1.0,88.0,1.0,1.2,1.0,1.0,3.0
78,243,0,0.03324721809493063,0,youden_j,0.46,TN,57.0,1.0,0.0,152.0,274.0,0.0,1.0,88.0,1.0,1.2,1.0,1.0,3.0
78,243,0,0.03324721809493063,0,max_f1,0.43,TN,57.0,1.0,0.0,152.0,274.0,0.0,1.0,88.0,1.0,1.2,1.0,1.0,3.0
79,244,0,0.06353508348203663,0,default,0.5,TN,56.0,1.0,0.0,132.0,184.0,0.0,0.0,105.0,1.0,2.1,1.0,1.0,1.0
79,244,0,0.06353508348203663,0,youden_j,0.46,TN,56.0,1.0,0.0,132.0,184.0,0.0,0.0,105.0,1.0,2.1,1.0,1.0,1.0
79,244,0,0.06353508348203663,0,max_f1,0.43,TN,56.0,1.0,0.0,132.0,184.0,0.0,0.0,105.0,1.0,2.1,1.0,1.0,1.0
80,193,0,0.033118320655477915,0,default,0.5,TN,60.0,1.0,0.0,145.0,282.0,0.0,0.0,142.0,1.0,2.8,1.0,2.0,3.0
80,193,0,0.033118320655477915,0,youden_j,0.46,TN,60.0,1.0,0.0,145.0,282.0,0.0,0.0,142.0,1.0,2.8,1.0,2.0,3.0
80,193,0,0.033118320655477915,0,max_f1,0.43,TN,60.0,1.0,0.0,145.0,282.0,0.0,0.0,142.0,1.0,2.8,1.0,2.0,3.0
81,116,1,0.793965753222354,1,default,0.5,TP,41.0,1.0,2.0,130.0,214.0,0.0,0.0,168.0,0.0,2.0,1.0,0.0,2.0
81,116,1,0.793965753222354,1,youden_j,0.46,TP,41.0,1.0,2.0,130.0,214.0,0.0,0.0,168.0,0.0,2.0,1.0,0.0,2.0
81,116,1,0.793965753222354,1,max_f1,0.43,TP,41.0,1.0,2.0,130.0,214.0,0.0,0.0,168.0,0.0,2.0,1.0,0.0,2.0
82,255,0,0.12752560958938247,0,default,0.5,TN,45.0,1.0,0.0,142.0,309.0,0.0,0.0,147.0,1.0,0.0,1.0,3.0,3.0
82,255,0,0.12752560958938247,0,youden_j,0.46,TN,45.0,1.0,0.0,142.0,309.0,0.0,0.0,147.0,1.0,0.0,1.0,3.0,3.0
82,255,0,0.12752560958938247,0,max_f1,0.43,TN,45.0,1.0,0.0,142.0,309.0,0.0,0.0,147.0,1.0,0.0,1.0,3.0,3.0
83,237,0,0.1886325333894966,0,default,0.5,TN,60.0,1.0,0.0,140.0,293.0,0.0,0.0,170.0,0.0,1.2,1.0,2.0,3.0
83,237,0,0.1886325333894966,0,youden_j,0.46,TN,60.0,1.0,0.0,140.0,293.0,0.0,0.0,170.0,0.0,1.2,1.0,2.0,3.0
83,237,0,0.1886325333894966,0,max_f1,0.43,TN,60.0,1.0,0.0,140.0,293.0,0.0,0.0,170.0,0.0,1.2,1.0,2.0,3.0
84,55,1,0.8243805152409209,1,default,0.5,TP,52.0,1.0,1.0,134.0,201.0,0.0,1.0,158.0,0.0,0.8,2.0,1.0,2.0
84,55,1,0.8243805152409209,1,youden_j,0.46,TP,52.0,1.0,1.0,134.0,201.0,0.0,1.0,158.0,0.0,0.8,2.0,1.0,2.0
84,55,1,0.8243805152409209,1,max_f1,0.43,TP,52.0,1.0,1.0,134.0,201.0,0.0,1.0,158.0,0.0,0.8,2.0,1.0,2.0
85,242,0,0.14296130569028484,0,default,0.5,TN,64.0,1.0,0.0,145.0,212.0,0.0,0.0,132.0,0.0,2.0,1.0,2.0,1.0
85,242,0,0.14296130569028484,0,youden_j,0.46,TN,64.0,1.0,0.0,145.0,212.0,0.0,0.0,132.0,0.0,2.0,1.0,2.0,1.0
85,242,0,0.14296130569028484,0,max_f1,0.43,TN,64.0,1.0,0.0,145.0,212.0,0.0,0.0,132.0,0.0,2.0,1.0,2.0,1.0
86,171,0,0.7576647960991785,1,default,0.5,FP,48.0,1.0,1.0,110.0,229.0,0.0,1.0,168.0,0.0,1.0,0.0,0.0,3.0
86,171,0,0.7576647960991785,1,youden_j,0.46,FP,48.0,1.0,1.0,110.0,229.0,0.0,1.0,168.0,0.0,1.0,0.0,0.0,3.0
86,171,0,0.7576647960991785,1,max_f1,0.43,FP,48.0,1.0,1.0,110.0,229.0,0.0,1.0,168.0,0.0,1.0,0.0,0.0,3.0
87,143,1,0.7711662374003952,1,default,0.5,TP,67.0,0.0,0.0,106.0,223.0,0.0,1.0,142.0,0.0,0.3,2.0,2.0,2.0
87,143,1,0.7711662374003952,1,youden_j,0.46,TP,67.0,0.0,0.0,106.0,223.0,0.0,1.0,142.0,0.0,0.3,2.0,2.0,2.0
87,143,1,0.7711662374003952,1,max_f1,0.43,TP,67.0,0.0,0.0,106.0,223.0,0.0,1.0,142.0,0.0,0.3,2.0,2.0,2.0
88,254,0,0.7817176079729136,1,default,0.5,FP,59.0,1.0,3.0,160.0,273.0,0.0,0.0,125.0,0.0,0.0,2.0,0.0,2.0
88,254,0,0.7817176079729136,1,youden_j,0.46,FP,59.0,1.0,3.0,160.0,273.0,0.0,0.0,125.0,0.0,0.0,2.0,0.0,2.0
88,254,0,0.7817176079729136,1,max_f1,0.43,FP,59.0,1.0,3.0,160.0,273.0,0.0,0.0,125.0,0.0,0.0,2.0,0.0,2.0
89,210,0,0.478931807138844,0,default,0.5,TN,57.0,1.0,2.0,128.0,229.0,0.0,0.0,150.0,0.0,0.4,1.0,1.0,3.0
89,210,0,0.478931807138844,1,youden_j,0.46,FP,57.0,1.0,2.0,128.0,229.0,0.0,0.0,150.0,0.0,0.4,1.0,1.0,3.0
89,210,0,0.478931807138844,1,max_f1,0.43,FP,57.0,1.0,2.0,128.0,229.0,0.0,0.0,150.0,0.0,0.4,1.0,1.0,3.0
90,273,0,0.5212775233952712,1,default,0.5,FP,58.0,1.0,0.0,100.0,234.0,0.0,1.0,156.0,0.0,0.1,2.0,1.0,3.0
90,273,0,0.5212775233952712,1,youden_j,0.46,FP,58.0,1.0,0.0,100.0,234.0,0.0,1.0,156.0,0.0,0.1,2.0,1.0,3.0
90,273,0,0.5212775233952712,1,max_f1,0.43,FP,58.0,1.0,0.0,100.0,234.0,0.0,1.0,156.0,0.0,0.1,2.0,1.0,3.0
91,276,0,0.06502041057858152,0,default,0.5,TN,58.0,1.0,0.0,146.0,218.0,0.0,1.0,105.0,0.0,2.0,1.0,1.0,3.0
91,276,0,0.06502041057858152,0,youden_j,0.46,TN,58.0,1.0,0.0,146.0,218.0,0.0,1.0,105.0,0.0,2.0,1.0,1.0,3.0
91,276,0,0.06502041057858152,0,max_f1,0.43,TN,58.0,1.0,0.0,146.0,218.0,0.0,1.0,105.0,0.0,2.0,1.0,1.0,3.0
92,249,0,0.2711157762876525,0,default,0.5,TN,69.0,1.0,2.0,140.0,254.0,0.0,0.0,146.0,0.0,2.0,1.0,3.0,3.0
92,249,0,0.2711157762876525,0,youden_j,0.46,TN,69.0,1.0,2.0,140.0,254.0,0.0,0.0,146.0,0.0,2.0,1.0,3.0,3.0
92,249,0,0.2711157762876525,0,max_f1,0.43,TN,69.0,1.0,2.0,140.0,254.0,0.0,0.0,146.0,0.0,2.0,1.0,3.0,3.0
93,58,1,0.9310777792834036,1,default,0.5,TP,34.0,1.0,3.0,118.0,182.0,0.0,0.0,174.0,0.0,0.0,2.0,0.0,2.0
93,58,1,0.9310777792834036,1,youden_j,0.46,TP,34.0,1.0,3.0,118.0,182.0,0.0,0.0,174.0,0.0,0.0,2.0,0.0,2.0
93,58,1,0.9310777792834036,1,max_f1,0.43,TP,34.0,1.0,3.0,118.0,182.0,0.0,0.0,174.0,0.0,0.0,2.0,0.0,2.0
94,258,0,0.6488554672479253,1,default,0.5,FP,62.0,0.0,0.0,150.0,244.0,0.0,1.0,154.0,1.0,1.4,1.0,0.0,2.0
94,258,0,0.6488554672479253,1,youden_j,0.46,FP,62.0,0.0,0.0,150.0,244.0,0.0,1.0,154.0,1.0,1.4,1.0,0.0,2.0
94,258,0,0.6488554672479253,1,max_f1,0.43,FP,62.0,0.0,0.0,150.0,244.0,0.0,1.0,154.0,1.0,1.4,1.0,0.0,2.0
95,73,1,0.7631940166706469,1,default,0.5,TP,51.0,1.0,0.0,140.0,261.0,0.0,0.0,186.0,1.0,0.0,2.0,0.0,2.0
95,73,1,0.7631940166706469,1,youden_j,0.46,TP,51.0,1.0,0.0,140.0,261.0,0.0,0.0,186.0,1.0,0.0,2.0,0.0,2.0
95,73,1,0.7631940166706469,1,max_f1,0.43,TP,51.0,1.0,0.0,140.0,261.0,0.0,0.0,186.0,1.0,0.0,2.0,0.0,2.0
96,56,1,0.8519783269352796,1,default,0.5,TP,48.0,1.0,0.0,122.0,222.0,0.0,0.0,186.0,0.0,0.0,2.0,0.0,2.0
96,56,1,0.8519783269352796,1,youden_j,0.46,TP,48.0,1.0,0.0,122.0,222.0,0.0,0.0,186.0,0.0,0.0,2.0,0.0,2.0
96,56,1,0.8519783269352796,1,max_f1,0.43,TP,48.0,1.0,0.0,122.0,222.0,0.0,0.0,186.0,0.0,0.0,2.0,0.0,2.0
97,112,1,0.6575262589107389,1,default,0.5,TP,64.0,0.0,2.0,140.0,313.0,0.0,1.0,133.0,0.0,0.2,2.0,0.0,3.0
97,112,1,0.6575262589107389,1,youden_j,0.46,TP,64.0,0.0,2.0,140.0,313.0,0.0,1.0,133.0,0.0,0.2,2.0,0.0,3.0
97,112,1,0.6575262589107389,1,max_f1,0.43,TP,64.0,0.0,2.0,140.0,313.0,0.0,1.0,133.0,0.0,0.2,2.0,0.0,3.0
98,256,0,0.04011875062746686,0,default,0.5,TN,58.0,1.0,0.0,128.0,259.0,0.0,0.0,130.0,1.0,3.0,1.0,2.0,3.0
98,256,0,0.04011875062746686,0,youden_j,0.46,TN,58.0,1.0,0.0,128.0,259.0,0.0,0.0,130.0,1.0,3.0,1.0,2.0,3.0
98,256,0,0.04011875062746686,0,max_f1,0.43,TN,58.0,1.0,0.0,128.0,259.0,0.0,0.0,130.0,1.0,3.0,1.0,2.0,3.0
99,75,1,0.7692066068992073,1,default,0.5,TP,55.0,0.0,1.0,135.0,250.0,0.0,0.0,161.0,0.0,1.4,1.0,0.0,2.0
99,75,1,0.7692066068992073,1,youden_j,0.46,TP,55.0,0.0,1.0,135.0,250.0,0.0,0.0,161.0,0.0,1.4,1.0,0.0,2.0
99,75,1,0.7692066068992073,1,max_f1,0.43,TP,55.0,0.0,1.0,135.0,250.0,0.0,0.0,161.0,0.0,1.4,1.0,0.0,2.0
100,15,1,0.8790596565121946,1,default,0.5,TP,50.0,0.0,2.0,120.0,219.0,0.0,1.0,158.0,0.0,1.6,1.0,0.0,2.0
100,15,1,0.8790596565121946,1,youden_j,0.46,TP,50.0,0.0,2.0,120.0,219.0,0.0,1.0,158.0,0.0,1.6,1.0,0.0,2.0
100,15,1,0.8790596565121946,1,max_f1,0.43,TP,50.0,0.0,2.0,120.0,219.0,0.0,1.0,158.0,0.0,1.6,1.0,0.0,2.0
101,251,0,0.16862246788843066,0,default,0.5,TN,43.0,1.0,0.0,132.0,247.0,1.0,0.0,143.0,1.0,0.1,1.0,4.0,3.0
101,251,0,0.16862246788843066,0,youden_j,0.46,TN,43.0,1.0,0.0,132.0,247.0,1.0,0.0,143.0,1.0,0.1,1.0,4.0,3.0
101,251,0,0.16862246788843066,0,max_f1,0.43,TN,43.0,1.0,0.0,132.0,247.0,1.0,0.0,143.0,1.0,0.1,1.0,4.0,3.0
102,29,1,0.8773501546413668,1,default,0.5,TP,53.0,1.0,2.0,130.0,197.0,1.0,0.0,152.0,0.0,1.2,0.0,0.0,2.0
102,29,1,0.8773501546413668,1,youden_j,0.46,TP,53.0,1.0,2.0,130.0,197.0,1.0,0.0,152.0,0.0,1.2,0.0,0.0,2.0
102,29,1,0.8773501546413668,1,max_f1,0.43,TP,53.0,1.0,2.0,130.0,197.0,1.0,0.0,152.0,0.0,1.2,0.0,0.0,2.0
103,6,1,0.7031140977568757,1,default,0.5,TP,56.0,0.0,1.0,140.0,294.0,0.0,0.0,153.0,0.0,1.3,1.0,0.0,2.0
103,6,1,0.7031140977568757,1,youden_j,0.46,TP,56.0,0.0,1.0,140.0,294.0,0.0,0.0,153.0,0.0,1.3,1.0,0.0,2.0
103,6,1,0.7031140977568757,1,max_f1,0.43,TP,56.0,0.0,1.0,140.0,294.0,0.0,0.0,153.0,0.0,1.3,1.0,0.0,2.0
104,207,0,0.0779416454320785,0,default,0.5,TN,60.0,0.0,0.0,150.0,258.0,0.0,0.0,157.0,0.0,2.6,1.0,2.0,3.0
104,207,0,0.0779416454320785,0,youden_j,0.46,TN,60.0,0.0,0.0,150.0,258.0,0.0,0.0,157.0,0.0,2.6,1.0,2.0,3.0
104,207,0,0.0779416454320785,0,max_f1,0.43,TN,60.0,0.0,0.0,150.0,258.0,0.0,0.0,157.0,0.0,2.6,1.0,2.0,3.0
105,294,0,0.3683768064334404,0,default,0.5,TN,44.0,1.0,0.0,120.0,169.0,0.0,1.0,144.0,1.0,2.8,0.0,0.0,1.0
105,294,0,0.3683768064334404,0,youden_j,0.46,TN,44.0,1.0,0.0,120.0,169.0,0.0,1.0,144.0,1.0,2.8,0.0,0.0,1.0
105,294,0,0.3683768064334404,0,max_f1,0.43,TN,44.0,1.0,0.0,120.0,169.0,0.0,1.0,144.0,1.0,2.8,0.0,0.0,1.0
106,266,0,0.09976851912159777,0,default,0.5,TN,55.0,0.0,0.0,180.0,327.0,0.0,2.0,117.0,1.0,3.4,1.0,0.0,2.0
106,266,0,0.09976851912159777,0,youden_j,0.46,TN,55.0,0.0,0.0,180.0,327.0,0.0,2.0,117.0,1.0,3.4,1.0,0.0,2.0
106,266,0,0.09976851912159777,0,max_f1,0.43,TN,55.0,0.0,0.0,180.0,327.0,0.0,2.0,117.0,1.0,3.4,1.0,0.0,2.0
107,195,0,0.03169680658101921,0,default,0.5,TN,59.0,1.0,0.0,170.0,326.0,0.0,0.0,140.0,1.0,3.4,0.0,0.0,3.0
107,195,0,0.03169680658101921,0,youden_j,0.46,TN,59.0,1.0,0.0,170.0,326.0,0.0,0.0,140.0,1.0,3.4,0.0,0.0,3.0
107,195,0,0.03169680658101921,0,max_f1,0.43,TN,59.0,1.0,0.0,170.0,326.0,0.0,0.0,140.0,1.0,3.4,0.0,0.0,3.0
108,40,1,0.6615802560473878,1,default,0.5,TP,51.0,0.0,2.0,140.0,308.0,0.0,0.0,142.0,0.0,1.5,2.0,1.0,2.0
108,40,1,0.6615802560473878,1,youden_j,0.46,TP,51.0,0.0,2.0,140.0,308.0,0.0,0.0,142.0,0.0,1.5,2.0,1.0,2.0
108,40,1,0.6615802560473878,1,max_f1,0.43,TP,51.0,0.0,2.0,140.0,308.0,0.0,0.0,142.0,0.0,1.5,2.0,1.0,2.0
109,180,0,0.05364828638511261,0,default,0.5,TN,55.0,1.0,0.0,132.0,353.0,0.0,1.0,132.0,1.0,1.2,1.0,1.0,3.0
109,180,0,0.05364828638511261,0,youden_j,0.46,TN,55.0,1.0,0.0,132.0,353.0,0.0,1.0,132.0,1.0,1.2,1.0,1.0,3.0
109,180,0,0.05364828638511261,0,max_f1,0.43,TN,55.0,1.0,0.0,132.0,353.0,0.0,1.0,132.0,1.0,1.2,1.0,1.0,3.0
110,215,0,0.08179897769317455,0,default,0.5,TN,43.0,0.0,0.0,132.0,341.0,1.0,0.0,136.0,1.0,3.0,1.0,0.0,3.0
110,215,0,0.08179897769317455,0,youden_j,0.46,TN,43.0,0.0,0.0,132.0,341.0,1.0,0.0,136.0,1.0,3.0,1.0,0.0,3.0
110,215,0,0.08179897769317455,0,max_f1,0.43,TN,43.0,0.0,0.0,132.0,341.0,1.0,0.0,136.0,1.0,3.0,1.0,0.0,3.0
111,211,0,0.04031375525693195,0,default,0.5,TN,61.0,1.0,0.0,120.0,260.0,0.0,1.0,140.0,1.0,3.6,1.0,1.0,3.0
111,211,0,0.04031375525693195,0,youden_j,0.46,TN,61.0,1.0,0.0,120.0,260.0,0.0,1.0,140.0,1.0,3.6,1.0,1.0,3.0
111,211,0,0.04031375525693195,0,max_f1,0.43,TN,61.0,1.0,0.0,120.0,260.0,0.0,1.0,140.0,1.0,3.6,1.0,1.0,3.0
112,23,1,0.5573062024845187,1,default,0.5,TP,61.0,1.0,2.0,150.0,243.0,1.0,1.0,137.0,1.0,1.0,1.0,0.0,2.0
112,23,1,0.5573062024845187,1,youden_j,0.46,TP,61.0,1.0,2.0,150.0,243.0,1.0,1.0,137.0,1.0,1.0,1.0,0.0,2.0
112,23,1,0.5573062024845187,1,max_f1,0.43,TP,61.0,1.0,2.0,150.0,243.0,1.0,1.0,137.0,1.0,1.0,1.0,0.0,2.0
113,101,1,0.08494595778842687,0,default,0.5,FN,59.0,1.0,3.0,178.0,270.0,0.0,0.0,145.0,0.0,4.2,0.0,0.0,3.0
113,101,1,0.08494595778842687,0,youden_j,0.46,FN,59.0,1.0,3.0,178.0,270.0,0.0,0.0,145.0,0.0,4.2,0.0,0.0,3.0
113,101,1,0.08494595778842687,0,max_f1,0.43,FN,59.0,1.0,3.0,178.0,270.0,0.0,0.0,145.0,0.0,4.2,0.0,0.0,3.0
114,159,1,0.6865006805522985,1,default,0.5,TP,56.0,1.0,1.0,130.0,221.0,0.0,0.0,163.0,0.0,0.0,2.0,0.0,3.0
114,159,1,0.6865006805522985,1,youden_j,0.46,TP,56.0,1.0,1.0,130.0,221.0,0.0,0.0,163.0,0.0,0.0,2.0,0.0,3.0
114,159,1,0.6865006805522985,1,max_f1,0.43,TP,56.0,1.0,1.0,130.0,221.0,0.0,0.0,163.0,0.0,0.0,2.0,0.0,3.0
115,206,0,0.08119237716760261,0,default,0.5,TN,59.0,1.0,0.0,110.0,239.0,0.0,0.0,142.0,1.0,1.2,1.0,1.0,3.0
115,206,0,0.08119237716760261,0,youden_j,0.46,TN,59.0,1.0,0.0,110.0,239.0,0.0,0.0,142.0,1.0,1.2,1.0,1.0,3.0
115,206,0,0.08119237716760261,0,max_f1,0.43,TN,59.0,1.0,0.0,110.0,239.0,0.0,0.0,142.0,1.0,1.2,1.0,1.0,3.0
116,229,0,0.26136066822762005,0,default,0.5,TN,64.0,1.0,2.0,125.0,309.0,0.0,1.0,131.0,1.0,1.8,1.0,0.0,3.0
116,229,0,0.26136066822762005,0,youden_j,0.46,TN,64.0,1.0,2.0,125.0,309.0,0.0,1.0,131.0,1.0,1.8,1.0,0.0,3.0
116,229,0,0.26136066822762005,0,max_f1,0.43,TN,64.0,1.0,2.0,125.0,309.0,0.0,1.0,131.0,1.0,1.8,1.0,0.0,3.0
117,124,1,0.9723662672037957,1,default,0.5,TP,39.0,0.0,2.0,94.0,199.0,0.0,1.0,179.0,0.0,0.0,2.0,0.0,2.0
117,124,1,0.9723662672037957,1,youden_j,0.46,TP,39.0,0.0,2.0,94.0,199.0,0.0,1.0,179.0,0.0,0.0,2.0,0.0,2.0
117,124,1,0.9723662672037957,1,max_f1,0.43,TP,39.0,0.0,2.0,94.0,199.0,0.0,1.0,179.0,0.0,0.0,2.0,0.0,2.0
118,283,0,0.7972176516394527,1,default,0.5,FP,40.0,1.0,0.0,152.0,223.0,0.0,1.0,181.0,0.0,0.0,2.0,0.0,3.0
118,283,0,0.7972176516394527,1,youden_j,0.46,FP,40.0,1.0,0.0,152.0,223.0,0.0,1.0,181.0,0.0,0.0,2.0,0.0,3.0
118,283,0,0.7972176516394527,1,max_f1,0.43,FP,40.0,1.0,0.0,152.0,223.0,0.0,1.0,181.0,0.0,0.0,2.0,0.0,3.0
119,155,1,0.7595982471081261,1,default,0.5,TP,58.0,0.0,0.0,130.0,197.0,0.0,1.0,131.0,0.0,0.6,1.0,0.0,2.0
119,155,1,0.7595982471081261,1,youden_j,0.46,TP,58.0,0.0,0.0,130.0,197.0,0.0,1.0,131.0,0.0,0.6,1.0,0.0,2.0
119,155,1,0.7595982471081261,1,max_f1,0.43,TP,58.0,0.0,0.0,130.0,197.0,0.0,1.0,131.0,0.0,0.6,1.0,0.0,2.0
120,263,0,0.3091597731186254,0,default,0.5,TN,63.0,0.0,0.0,108.0,269.0,0.0,1.0,169.0,1.0,1.8,1.0,2.0,2.0
120,263,0,0.3091597731186254,0,youden_j,0.46,TN,63.0,0.0,0.0,108.0,269.0,0.0,1.0,169.0,1.0,1.8,1.0,2.0,2.0
120,263,0,0.3091597731186254,0,max_f1,0.43,TN,63.0,0.0,0.0,108.0,269.0,0.0,1.0,169.0,1.0,1.8,1.0,2.0,2.0
121,94,1,0.9424891519457663,1,default,0.5,TP,45.0,0.0,1.0,112.0,160.0,0.0,1.0,138.0,0.0,0.0,1.0,0.0,2.0
121,94,1,0.9424891519457663,1,youden_j,0.46,TP,45.0,0.0,1.0,112.0,160.0,0.0,1.0,138.0,0.0,0.0,1.0,0.0,2.0
121,94,1,0.9424891519457663,1,max_f1,0.43,TP,45.0,0.0,1.0,112.0,160.0,0.0,1.0,138.0,0.0,0.0,1.0,0.0,2.0
122,57,1,0.8662861655616532,1,default,0.5,TP,45.0,1.0,0.0,115.0,260.0,0.0,0.0,185.0,0.0,0.0,2.0,0.0,2.0
122,57,1,0.8662861655616532,1,youden_j,0.46,TP,45.0,1.0,0.0,115.0,260.0,0.0,0.0,185.0,0.0,0.0,2.0,0.0,2.0
122,57,1,0.8662861655616532,1,max_f1,0.43,TP,45.0,1.0,0.0,115.0,260.0,0.0,0.0,185.0,0.0,0.0,2.0,0.0,2.0
123,278,0,0.7519721247859319,1,default,0.5,FP,58.0,0.0,1.0,136.0,319.0,1.0,0.0,152.0,0.0,0.0,2.0,2.0,2.0
123,278,0,0.7519721247859319,1,youden_j,0.46,FP,58.0,0.0,1.0,136.0,319.0,1.0,0.0,152.0,0.0,0.0,2.0,2.0,2.0
123,278,0,0.7519721247859319,1,max_f1,0.43,FP,58.0,0.0,1.0,136.0,319.0,1.0,0.0,152.0,0.0,0.0,2.0,2.0,2.0
124,34,1,0.45906966735685717,0,default,0.5,FN,51.0,1.0,3.0,125.0,213.0,0.0,0.0,125.0,1.0,1.4,2.0,1.0,2.0
124,34,1,0.45906966735685717,0,youden_j,0.46,FN,51.0,1.0,3.0,125.0,213.0,0.0,0.0,125.0,1.0,1.4,2.0,1.0,2.0
124,34,1,0.45906966735685717,1,max_f1,0.43,TP,51.0,1.0,3.0,125.0,213.0,0.0,0.0,125.0,1.0,1.4,2.0,1.0,2.0
125,253,0,0.17249714330766097,0,default,0.5,TN,67.0,1.0,0.0,100.0,299.0,0.0,0.0,125.0,1.0,0.9,1.0,2.0,2.0
125,253,0,0.17249714330766097,0,youden_j,0.46,TN,67.0,1.0,0.0,100.0,299.0,0.0,0.0,125.0,1.0,0.9,1.0,2.0,2.0
125,253,0,0.17249714330766097,0,max_f1,0.43,TN,67.0,1.0,0.0,100.0,299.0,0.0,0.0,125.0,1.0,0.9,1.0,2.0,2.0
126,66,1,0.8357773970513882,1,default,0.5,TP,51.0,1.0,2.0,100.0,222.0,0.0,1.0,143.0,1.0,1.2,1.0,0.0,2.0
126,66,1,0.8357773970513882,1,youden_j,0.46,TP,51.0,1.0,2.0,100.0,222.0,0.0,1.0,143.0,1.0,1.2,1.0,0.0,2.0
126,66,1,0.8357773970513882,1,max_f1,0.43,TP,51.0,1.0,2.0,100.0,222.0,0.0,1.0,143.0,1.0,1.2,1.0,0.0,2.0
127,196,0,0.6695617639272589,1,default,0.5,FP,46.0,1.0,2.0,150.0,231.0,0.0,1.0,147.0,0.0,3.6,1.0,0.0,2.0
127,196,0,0.6695617639272589,1,youden_j,0.46,FP,46.0,1.0,2.0,150.0,231.0,0.0,1.0,147.0,0.0,3.6,1.0,0.0,2.0
127,196,0,0.6695617639272589,1,max_f1,0.43,FP,46.0,1.0,2.0,150.0,231.0,0.0,1.0,147.0,0.0,3.6,1.0,0.0,2.0
128,248,0,0.7521880413638158,1,default,0.5,FP,54.0,1.0,1.0,192.0,283.0,0.0,0.0,195.0,0.0,0.0,2.0,1.0,3.0
128,248,0,0.7521880413638158,1,youden_j,0.46,FP,54.0,1.0,1.0,192.0,283.0,0.0,0.0,195.0,0.0,0.0,2.0,1.0,3.0
128,248,0,0.7521880413638158,1,max_f1,0.43,FP,54.0,1.0,1.0,192.0,283.0,0.0,0.0,195.0,0.0,0.0,2.0,1.0,3.0
129,53,1,0.9696858165089232,1,default,0.5,TP,44.0,0.0,2.0,108.0,141.0,0.0,1.0,175.0,0.0,0.6,1.0,0.0,2.0
129,53,1,0.9696858165089232,1,youden_j,0.46,TP,44.0,0.0,2.0,108.0,141.0,0.0,1.0,175.0,0.0,0.6,1.0,0.0,2.0
129,53,1,0.9696858165089232,1,max_f1,0.43,TP,44.0,0.0,2.0,108.0,141.0,0.0,1.0,175.0,0.0,0.6,1.0,0.0,2.0
130,17,1,0.7006255042326177,1,default,0.5,TP,66.0,0.0,3.0,150.0,226.0,0.0,1.0,114.0,0.0,2.6,0.0,0.0,2.0
130,17,1,0.7006255042326177,1,youden_j,0.46,TP,66.0,0.0,3.0,150.0,226.0,0.0,1.0,114.0,0.0,2.6,0.0,0.0,2.0
130,17,1,0.7006255042326177,1,max_f1,0.43,TP,66.0,0.0,3.0,150.0,226.0,0.0,1.0,114.0,0.0,2.6,0.0,0.0,2.0
131,154,1,0.9095127964408405,1,default,0.5,TP,39.0,0.0,2.0,138.0,220.0,0.0,1.0,152.0,0.0,0.0,1.0,0.0,2.0
131,154,1,0.9095127964408405,1,youden_j,0.46,TP,39.0,0.0,2.0,138.0,220.0,0.0,1.0,152.0,0.0,0.0,1.0,0.0,2.0
131,154,1,0.9095127964408405,1,max_f1,0.43,TP,39.0,0.0,2.0,138.0,220.0,0.0,1.0,152.0,0.0,0.0,1.0,0.0,2.0
132,18,1,0.7223497200778356,1,default,0.5,TP,43.0,1.0,0.0,150.0,247.0,0.0,1.0,171.0,0.0,1.5,2.0,0.0,2.0
132,18,1,0.7223497200778356,1,youden_j,0.46,TP,43.0,1.0,0.0,150.0,247.0,0.0,1.0,171.0,0.0,1.5,2.0,0.0,2.0
132,18,1,0.7223497200778356,1,max_f1,0.43,TP,43.0,1.0,0.0,150.0,247.0,0.0,1.0,171.0,0.0,1.5,2.0,0.0,2.0
133,5,1,0.5280028388726115,1,default,0.5,TP,57.0,1.0,0.0,140.0,192.0,0.0,1.0,148.0,0.0,0.4,1.0,0.0,1.0
133,5,1,0.5280028388726115,1,youden_j,0.46,TP,57.0,1.0,0.0,140.0,192.0,0.0,1.0,148.0,0.0,0.4,1.0,0.0,1.0
133,5,1,0.5280028388726115,1,max_f1,0.43,TP,57.0,1.0,0.0,140.0,192.0,0.0,1.0,148.0,0.0,0.4,1.0,0.0,1.0
134,227,0,0.2387897531592038,0,default,0.5,TN,35.0,1.0,0.0,120.0,198.0,0.0,1.0,130.0,1.0,1.6,1.0,0.0,3.0
134,227,0,0.2387897531592038,0,youden_j,0.46,TN,35.0,1.0,0.0,120.0,198.0,0.0,1.0,130.0,1.0,1.6,1.0,0.0,3.0
134,227,0,0.2387897531592038,0,max_f1,0.43,TN,35.0,1.0,0.0,120.0,198.0,0.0,1.0,130.0,1.0,1.6,1.0,0.0,3.0
135,36,1,0.9531246816606463,1,default,0.5,TP,54.0,0.0,2.0,135.0,304.0,1.0,1.0,170.0,0.0,0.0,2.0,0.0,2.0
135,36,1,0.9531246816606463,1,youden_j,0.46,TP,54.0,0.0,2.0,135.0,304.0,1.0,1.0,170.0,0.0,0.0,2.0,0.0,2.0
135,36,1,0.9531246816606463,1,max_f1,0.43,TP,54.0,0.0,2.0,135.0,304.0,1.0,1.0,170.0,0.0,0.0,2.0,0.0,2.0
136,77,1,0.9021792717867771,1,default,0.5,TP,59.0,1.0,1.0,140.0,221.0,0.0,1.0,164.0,1.0,0.0,2.0,0.0,2.0
136,77,1,0.9021792717867771,1,youden_j,0.46,TP,59.0,1.0,1.0,140.0,221.0,0.0,1.0,164.0,1.0,0.0,2.0,0.0,2.0
136,77,1,0.9021792717867771,1,max_f1,0.43,TP,59.0,1.0,1.0,140.0,221.0,0.0,1.0,164.0,1.0,0.0,2.0,0.0,2.0
137,64,1,0.9310618450472233,1,default,0.5,TP,58.0,1.0,2.0,140.0,211.0,1.0,0.0,165.0,0.0,0.0,2.0,0.0,2.0
137,64,1,0.9310618450472233,1,youden_j,0.46,TP,58.0,1.0,2.0,140.0,211.0,1.0,0.0,165.0,0.0,0.0,2.0,0.0,2.0
137,64,1,0.9310618450472233,1,max_f1,0.43,TP,58.0,1.0,2.0,140.0,211.0,1.0,0.0,165.0,0.0,0.0,2.0,0.0,2.0
138,234,0,0.1041047318539103,0,default,0.5,TN,70.0,1.0,0.0,130.0,322.0,0.0,0.0,109.0,0.0,2.4,1.0,3.0,2.0
138,234,0,0.1041047318539103,0,youden_j,0.46,TN,70.0,1.0,0.0,130.0,322.0,0.0,0.0,109.0,0.0,2.4,1.0,3.0,2.0
138,234,0,0.1041047318539103,0,max_f1,0.43,TN,70.0,1.0,0.0,130.0,322.0,0.0,0.0,109.0,0.0,2.4,1.0,3.0,2.0
139,226,0,0.1357582015402458,0,default,0.5,TN,62.0,1.0,1.0,120.0,281.0,0.0,0.0,103.0,0.0,1.4,1.0,1.0,3.0
139,226,0,0.1357582015402458,0,youden_j,0.46,TN,62.0,1.0,1.0,120.0,281.0,0.0,0.0,103.0,0.0,1.4,1.0,1.0,3.0
139,226,0,0.1357582015402458,0,max_f1,0.43,TN,62.0,1.0,1.0,120.0,281.0,0.0,0.0,103.0,0.0,1.4,1.0,1.0,3.0
140,279,0,0.10402709652109735,0,default,0.5,TN,61.0,1.0,0.0,138.0,166.0,0.0,0.0,125.0,1.0,3.6,1.0,1.0,2.0
140,279,0,0.10402709652109735,0,youden_j,0.46,TN,61.0,1.0,0.0,138.0,166.0,0.0,0.0,125.0,1.0,3.6,1.0,1.0,2.0
140,279,0,0.10402709652109735,0,max_f1,0.43,TN,61.0,1.0,0.0,138.0,166.0,0.0,0.0,125.0,1.0,3.6,1.0,1.0,2.0
141,122,1,0.9341678647970781,1,default,0.5,TP,41.0,0.0,2.0,112.0,268.0,0.0,0.0,172.0,1.0,0.0,2.0,0.0,2.0
141,122,1,0.9341678647970781,1,youden_j,0.46,TP,41.0,0.0,2.0,112.0,268.0,0.0,0.0,172.0,1.0,0.0,2.0,0.0,2.0
141,122,1,0.9341678647970781,1,max_f1,0.43,TP,41.0,0.0,2.0,112.0,268.0,0.0,0.0,172.0,1.0,0.0,2.0,0.0,2.0
142,96,1,0.5050064634483313,1,default,0.5,TP,62.0,0.0,0.0,140.0,394.0,0.0,0.0,157.0,0.0,1.2,1.0,0.0,2.0
142,96,1,0.5050064634483313,1,youden_j,0.46,TP,62.0,0.0,0.0,140.0,394.0,0.0,0.0,157.0,0.0,1.2,1.0,0.0,2.0
142,96,1,0.5050064634483313,1,max_f1,0.43,TP,62.0,0.0,0.0,140.0,394.0,0.0,0.0,157.0,0.0,1.2,1.0,0.0,2.0
143,31,1,0.5663438470815502,1,default,0.5,TP,65.0,1.0,0.0,120.0,177.0,0.0,1.0,140.0,0.0,0.4,2.0,0.0,3.0
143,31,1,0.5663438470815502,1,youden_j,0.46,TP,65.0,1.0,0.0,120.0,177.0,0.0,1.0,140.0,0.0,0.4,2.0,0.0,3.0
143,31,1,0.5663438470815502,1,max_f1,0.43,TP,65.0,1.0,0.0,120.0,177.0,0.0,1.0,140.0,0.0,0.4,2.0,0.0,3.0
144,231,0,0.09063620175162361,0,default,0.5,TN,57.0,1.0,0.0,165.0,289.0,1.0,0.0,124.0,0.0,1.0,1.0,3.0,3.0
144,231,0,0.09063620175162361,0,youden_j,0.46,TN,57.0,1.0,0.0,165.0,289.0,1.0,0.0,124.0,0.0,1.0,1.0,3.0,3.0
144,231,0,0.09063620175162361,0,max_f1,0.43,TN,57.0,1.0,0.0,165.0,289.0,1.0,0.0,124.0,0.0,1.0,1.0,3.0,3.0
145,221,0,0.03170918396404086,0,default,0.5,TN,55.0,1.0,0.0,140.0,217.0,0.0,1.0,111.0,1.0,5.6,0.0,0.0,3.0
145,221,0,0.03170918396404086,0,youden_j,0.46,TN,55.0,1.0,0.0,140.0,217.0,0.0,1.0,111.0,1.0,5.6,0.0,0.0,3.0
145,221,0,0.03170918396404086,0,max_f1,0.43,TN,55.0,1.0,0.0,140.0,217.0,0.0,1.0,111.0,1.0,5.6,0.0,0.0,3.0
146,299,0,0.4322355468204764,0,default,0.5,TN,45.0,1.0,3.0,110.0,264.0,0.0,1.0,132.0,0.0,1.2,1.0,0.0,3.0
146,299,0,0.4322355468204764,0,youden_j,0.46,TN,45.0,1.0,3.0,110.0,264.0,0.0,1.0,132.0,0.0,1.2,1.0,0.0,3.0
146,299,0,0.4322355468204764,1,max_f1,0.43,FP,45.0,1.0,3.0,110.0,264.0,0.0,1.0,132.0,0.0,1.2,1.0,0.0,3.0
147,298,0,0.2904445046510656,0,default,0.5,TN,57.0,0.0,0.0,140.0,241.0,0.0,1.0,123.0,1.0,0.2,1.0,0.0,3.0
147,298,0,0.2904445046510656,0,youden_j,0.46,TN,57.0,0.0,0.0,140.0,241.0,0.0,1.0,123.0,1.0,0.2,1.0,0.0,3.0
147,298,0,0.2904445046510656,0,max_f1,0.43,TN,57.0,0.0,0.0,140.0,241.0,0.0,1.0,123.0,1.0,0.2,1.0,0.0,3.0
148,76,1,0.6793307576766794,1,default,0.5,TP,51.0,1.0,2.0,125.0,245.0,1.0,0.0,166.0,0.0,2.4,1.0,0.0,2.0
148,76,1,0.6793307576766794,1,youden_j,0.46,TP,51.0,1.0,2.0,125.0,245.0,1.0,0.0,166.0,0.0,2.4,1.0,0.0,2.0
148,76,1,0.6793307576766794,1,max_f1,0.43,TP,51.0,1.0,2.0,125.0,245.0,1.0,0.0,166.0,0.0,2.4,1.0,0.0,2.0
149,275,0,0.4934856160817727,0,default,0.5,TN,52.0,1.0,0.0,125.0,212.0,0.0,1.0,168.0,0.0,1.0,2.0,2.0,3.0
149,275,0,0.4934856160817727,1,youden_j,0.46,FP,52.0,1.0,0.0,125.0,212.0,0.0,1.0,168.0,0.0,1.0,2.0,2.0,3.0
149,275,0,0.4934856160817727,1,max_f1,0.43,FP,52.0,1.0,0.0,125.0,212.0,0.0,1.0,168.0,0.0,1.0,2.0,2.0,3.0
150,241,0,0.6836265125320324,1,default,0.5,FP,59.0,0.0,0.0,174.0,249.0,0.0,1.0,143.0,1.0,0.0,1.0,0.0,2.0
150,241,0,0.6836265125320324,1,youden_j,0.46,FP,59.0,0.0,0.0,174.0,249.0,0.0,1.0,143.0,1.0,0.0,1.0,0.0,2.0
150,241,0,0.6836265125320324,1,max_f1,0.43,FP,59.0,0.0,0.0,174.0,249.0,0.0,1.0,143.0,1.0,0.0,1.0,0.0,2.0
151,30,1,0.9508653980621172,1,default,0.5,TP,41.0,0.0,1.0,105.0,198.0,0.0,1.0,168.0,0.0,0.0,2.0,1.0,2.0
151,30,1,0.9508653980621172,1,youden_j,0.46,TP,41.0,0.0,1.0,105.0,198.0,0.0,1.0,168.0,0.0,0.0,2.0,1.0,2.0
151,30,1,0.9508653980621172,1,max_f1,0.43,TP,41.0,0.0,1.0,105.0,198.0,0.0,1.0,168.0,0.0,0.0,2.0,1.0,2.0
152,22,1,0.8738376797241056,1,default,0.5,TP,42.0,1.0,0.0,140.0,226.0,0.0,1.0,178.0,0.0,0.0,2.0,0.0,2.0
152,22,1,0.8738376797241056,1,youden_j,0.46,TP,42.0,1.0,0.0,140.0,226.0,0.0,1.0,178.0,0.0,0.0,2.0,0.0,2.0
152,22,1,0.8738376797241056,1,max_f1,0.43,TP,42.0,1.0,0.0,140.0,226.0,0.0,1.0,178.0,0.0,0.0,2.0,0.0,2.0
153,187,0,0.03212303586602944,0,default,0.5,TN,54.0,1.0,0.0,124.0,266.0,0.0,0.0,109.0,1.0,2.2,1.0,1.0,3.0
153,187,0,0.03212303586602944,0,youden_j,0.46,TN,54.0,1.0,0.0,124.0,266.0,0.0,0.0,109.0,1.0,2.2,1.0,1.0,3.0
153,187,0,0.03212303586602944,0,max_f1,0.43,TN,54.0,1.0,0.0,124.0,266.0,0.0,0.0,109.0,1.0,2.2,1.0,1.0,3.0
154,16,1,0.9246092120393701,1,default,0.5,TP,58.0,0.0,2.0,120.0,340.0,0.0,1.0,172.0,0.0,0.0,2.0,0.0,2.0
154,16,1,0.9246092120393701,1,youden_j,0.46,TP,58.0,0.0,2.0,120.0,340.0,0.0,1.0,172.0,0.0,0.0,2.0,0.0,2.0
154,16,1,0.9246092120393701,1,max_f1,0.43,TP,58.0,0.0,2.0,120.0,340.0,0.0,1.0,172.0,0.0,0.0,2.0,0.0,2.0
155,301,0,0.11304397974835827,0,default,0.5,TN,57.0,1.0,0.0,130.0,131.0,0.0,1.0,115.0,1.0,1.2,1.0,1.0,3.0
155,301,0,0.11304397974835827,0,youden_j,0.46,TN,57.0,1.0,0.0,130.0,131.0,0.0,1.0,115.0,1.0,1.2,1.0,1.0,3.0
155,301,0,0.11304397974835827,0,max_f1,0.43,TN,57.0,1.0,0.0,130.0,131.0,0.0,1.0,115.0,1.0,1.2,1.0,1.0,3.0
156,291,0,0.07181169226126737,0,default,0.5,TN,58.0,1.0,0.0,114.0,318.0,0.0,2.0,140.0,0.0,4.4,0.0,3.0,1.0
156,291,0,0.07181169226126737,0,youden_j,0.46,TN,58.0,1.0,0.0,114.0,318.0,0.0,2.0,140.0,0.0,4.4,0.0,3.0,1.0
156,291,0,0.07181169226126737,0,max_f1,0.43,TN,58.0,1.0,0.0,114.0,318.0,0.0,2.0,140.0,0.0,4.4,0.0,3.0,1.0
157,225,0,0.16244045617158884,0,default,0.5,TN,70.0,1.0,0.0,145.0,174.0,0.0,1.0,125.0,1.0,2.6,0.0,0.0,3.0
157,225,0,0.16244045617158884,0,youden_j,0.46,TN,70.0,1.0,0.0,145.0,174.0,0.0,1.0,125.0,1.0,2.6,0.0,0.0,3.0
157,225,0,0.16244045617158884,0,max_f1,0.43,TN,70.0,1.0,0.0,145.0,174.0,0.0,1.0,125.0,1.0,2.6,0.0,0.0,3.0
158,152,1,0.34763166934417217,0,default,0.5,FN,64.0,1.0,3.0,170.0,227.0,0.0,0.0,155.0,0.0,0.6,1.0,0.0,3.0
158,152,1,0.34763166934417217,0,youden_j,0.46,FN,64.0,1.0,3.0,170.0,227.0,0.0,0.0,155.0,0.0,0.6,1.0,0.0,3.0
158,152,1,0.34763166934417217,0,max_f1,0.43,FN,64.0,1.0,3.0,170.0,227.0,0.0,0.0,155.0,0.0,0.6,1.0,0.0,3.0
159,25,1,0.7761557800940275,1,default,0.5,TP,71.0,0.0,1.0,160.0,302.0,0.0,1.0,162.0,0.0,0.4,2.0,2.0,2.0
159,25,1,0.7761557800940275,1,youden_j,0.46,TP,71.0,0.0,1.0,160.0,302.0,0.0,1.0,162.0,0.0,0.4,2.0,2.0,2.0
159,25,1,0.7761557800940275,1,max_f1,0.43,TP,71.0,0.0,1.0,160.0,302.0,0.0,1.0,162.0,0.0,0.4,2.0,2.0,2.0
160,91,1,0.5948879404469768,1,default,0.5,TP,57.0,1.0,0.0,132.0,207.0,0.0,1.0,168.0,1.0,0.0,2.0,0.0,3.0
160,91,1,0.5948879404469768,1,youden_j,0.46,TP,57.0,1.0,0.0,132.0,207.0,0.0,1.0,168.0,1.0,0.0,2.0,0.0,3.0
160,91,1,0.5948879404469768,1,max_f1,0.43,TP,57.0,1.0,0.0,132.0,207.0,0.0,1.0,168.0,1.0,0.0,2.0,0.0,3.0
161,21,1,0.9194820253947086,1,default,0.5,TP,44.0,1.0,2.0,130.0,233.0,0.0,1.0,179.0,1.0,0.4,2.0,0.0,2.0
161,21,1,0.9194820253947086,1,youden_j,0.46,TP,44.0,1.0,2.0,130.0,233.0,0.0,1.0,179.0,1.0,0.4,2.0,0.0,2.0
161,21,1,0.9194820253947086,1,max_f1,0.43,TP,44.0,1.0,2.0,130.0,233.0,0.0,1.0,179.0,1.0,0.4,2.0,0.0,2.0
162,135,1,0.8956946408268995,1,default,0.5,TP,49.0,0.0,0.0,130.0,269.0,0.0,1.0,163.0,0.0,0.0,2.0,0.0,2.0
162,135,1,0.8956946408268995,1,youden_j,0.46,TP,49.0,0.0,0.0,130.0,269.0,0.0,1.0,163.0,0.0,0.0,2.0,0.0,2.0
162,135,1,0.8956946408268995,1,max_f1,0.43,TP,49.0,0.0,0.0,130.0,269.0,0.0,1.0,163.0,0.0,0.0,2.0,0.0,2.0
163,7,1,0.7456877766440826,1,default,0.5,TP,44.0,1.0,1.0,120.0,263.0,0.0,1.0,173.0,0.0,0.0,2.0,0.0,3.0
163,7,1,0.7456877766440826,1,youden_j,0.46,TP,44.0,1.0,1.0,120.0,263.0,0.0,1.0,173.0,0.0,0.0,2.0,0.0,3.0
163,7,1,0.7456877766440826,1,max_f1,0.43,TP,44.0,1.0,1.0,120.0,263.0,0.0,1.0,173.0,0.0,0.0,2.0,0.0,3.0
164,148,1,0.9455430757610305,1,default,0.5,TP,44.0,1.0,2.0,120.0,226.0,0.0,1.0,169.0,0.0,0.0,2.0,0.0,2.0
164,148,1,0.9455430757610305,1,youden_j,0.46,TP,44.0,1.0,2.0,120.0,226.0,0.0,1.0,169.0,0.0,0.0,2.0,0.0,2.0
164,148,1,0.9455430757610305,1,max_f1,0.43,TP,44.0,1.0,2.0,120.0,226.0,0.0,1.0,169.0,0.0,0.0,2.0,0.0,2.0
165,203,0,0.2861412981336689,0,default,0.5,TN,68.0,1.0,2.0,180.0,274.0,1.0,0.0,150.0,1.0,1.6,1.0,0.0,3.0
165,203,0,0.2861412981336689,0,youden_j,0.46,TN,68.0,1.0,2.0,180.0,274.0,1.0,0.0,150.0,1.0,1.6,1.0,0.0,3.0
165,203,0,0.2861412981336689,0,max_f1,0.43,TN,68.0,1.0,2.0,180.0,274.0,1.0,0.0,150.0,1.0,1.6,1.0,0.0,3.0
166,176,0,0.21063999915654813,0,default,0.5,TN,60.0,1.0,0.0,117.0,230.0,1.0,1.0,160.0,1.0,1.4,2.0,2.0,3.0
166,176,0,0.21063999915654813,0,youden_j,0.46,TN,60.0,1.0,0.0,117.0,230.0,1.0,1.0,160.0,1.0,1.4,2.0,2.0,3.0
166,176,0,0.21063999915654813,0,max_f1,0.43,TN,60.0,1.0,0.0,117.0,230.0,1.0,1.0,160.0,1.0,1.4,2.0,2.0,3.0
167,13,1,0.46439001681662956,0,default,0.5,FN,64.0,1.0,3.0,110.0,211.0,0.0,0.0,144.0,1.0,1.8,1.0,0.0,2.0
167,13,1,0.46439001681662956,1,youden_j,0.46,TP,64.0,1.0,3.0,110.0,211.0,0.0,0.0,144.0,1.0,1.8,1.0,0.0,2.0
167,13,1,0.46439001681662956,1,max_f1,0.43,TP,64.0,1.0,3.0,110.0,211.0,0.0,0.0,144.0,1.0,1.8,1.0,0.0,2.0
168,54,1,0.9534062554578139,1,default,0.5,TP,63.0,0.0,2.0,135.0,252.0,0.0,0.0,172.0,0.0,0.0,2.0,0.0,2.0
168,54,1,0.9534062554578139,1,youden_j,0.46,TP,63.0,0.0,2.0,135.0,252.0,0.0,0.0,172.0,0.0,0.0,2.0,0.0,2.0
168,54,1,0.9534062554578139,1,max_f1,0.43,TP,63.0,0.0,2.0,135.0,252.0,0.0,0.0,172.0,0.0,0.0,2.0,0.0,2.0
169,223,0,0.0368402406271568,0,default,0.5,TN,56.0,0.0,0.0,200.0,288.0,1.0,0.0,133.0,1.0,4.0,0.0,2.0,3.0
169,223,0,0.0368402406271568,0,youden_j,0.46,TN,56.0,0.0,0.0,200.0,288.0,1.0,0.0,133.0,1.0,4.0,0.0,2.0,3.0
169,223,0,0.0368402406271568,0,max_f1,0.43,TN,56.0,0.0,0.0,200.0,288.0,1.0,0.0,133.0,1.0,4.0,0.0,2.0,3.0
170,129,1,0.48391829609092396,0,default,0.5,FN,74.0,0.0,1.0,120.0,269.0,0.0,0.0,121.0,1.0,0.2,2.0,1.0,2.0
170,129,1,0.48391829609092396,1,youden_j,0.46,TP,74.0,0.0,1.0,120.0,269.0,0.0,0.0,121.0,1.0,0.2,2.0,1.0,2.0
170,129,1,0.48391829609092396,1,max_f1,0.43,TP,74.0,0.0,1.0,120.0,269.0,0.0,0.0,121.0,1.0,0.2,2.0,1.0,2.0
171,174,0,0.048859149678921784,0,default,0.5,TN,60.0,1.0,0.0,130.0,206.0,0.0,0.0,132.0,1.0,2.4,1.0,2.0,3.0
171,174,0,0.048859149678921784,0,youden_j,0.46,TN,60.0,1.0,0.0,130.0,206.0,0.0,0.0,132.0,1.0,2.4,1.0,2.0,3.0
171,174,0,0.048859149678921784,0,max_f1,0.43,TN,60.0,1.0,0.0,130.0,206.0,0.0,0.0,132.0,1.0,2.4,1.0,2.0,3.0
172,212,0,0.32269384859529593,0,default,0.5,TN,39.0,1.0,0.0,118.0,219.0,0.0,1.0,140.0,0.0,1.2,1.0,0.0,3.0
172,212,0,0.32269384859529593,0,youden_j,0.46,TN,39.0,1.0,0.0,118.0,219.0,0.0,1.0,140.0,0.0,1.2,1.0,0.0,3.0
172,212,0,0.32269384859529593,0,max_f1,0.43,TN,39.0,1.0,0.0,118.0,219.0,0.0,1.0,140.0,0.0,1.2,1.0,0.0,3.0
173,269,0,0.08036818701781456,0,default,0.5,TN,56.0,1.0,0.0,130.0,283.0,1.0,0.0,103.0,1.0,1.6,0.0,0.0,3.0
173,269,0,0.08036818701781456,0,youden_j,0.46,TN,56.0,1.0,0.0,130.0,283.0,1.0,0.0,103.0,1.0,1.6,0.0,0.0,3.0
173,269,0,0.08036818701781456,0,max_f1,0.43,TN,56.0,1.0,0.0,130.0,283.0,1.0,0.0,103.0,1.0,1.6,0.0,0.0,3.0
174,184,0,0.12425868899619467,0,default,0.5,TN,50.0,1.0,0.0,150.0,243.0,0.0,0.0,128.0,0.0,2.6,1.0,0.0,3.0
174,184,0,0.12425868899619467,0,youden_j,0.46,TN,50.0,1.0,0.0,150.0,243.0,0.0,0.0,128.0,0.0,2.6,1.0,0.0,3.0
174,184,0,0.12425868899619467,0,max_f1,0.43,TN,50.0,1.0,0.0,150.0,243.0,0.0,0.0,128.0,0.0,2.6,1.0,0.0,3.0
175,126,1,0.8777333746952436,1,default,0.5,TP,47.0,1.0,0.0,112.0,204.0,0.0,1.0,143.0,0.0,0.1,2.0,0.0,2.0
175,126,1,0.8777333746952436,1,youden_j,0.46,TP,47.0,1.0,0.0,112.0,204.0,0.0,1.0,143.0,0.0,0.1,2.0,0.0,2.0
175,126,1,0.8777333746952436,1,max_f1,0.43,TP,47.0,1.0,0.0,112.0,204.0,0.0,1.0,143.0,0.0,0.1,2.0,0.0,2.0
176,218,0,0.058245150703652604,0,default,0.5,TN,65.0,1.0,0.0,135.0,254.0,0.0,0.0,127.0,0.0,2.8,1.0,1.0,3.0
176,218,0,0.058245150703652604,0,youden_j,0.46,TN,65.0,1.0,0.0,135.0,254.0,0.0,0.0,127.0,0.0,2.8,1.0,1.0,3.0
176,218,0,0.058245150703652604,0,max_f1,0.43,TN,65.0,1.0,0.0,135.0,254.0,0.0,0.0,127.0,0.0,2.8,1.0,1.0,3.0
177,88,1,0.8901009173085379,1,default,0.5,TP,54.0,0.0,2.0,110.0,214.0,0.0,1.0,158.0,0.0,1.6,1.0,0.0,2.0
177,88,1,0.8901009173085379,1,youden_j,0.46,TP,54.0,0.0,2.0,110.0,214.0,0.0,1.0,158.0,0.0,1.6,1.0,0.0,2.0
177,88,1,0.8901009173085379,1,max_f1,0.43,TP,54.0,0.0,2.0,110.0,214.0,0.0,1.0,158.0,0.0,1.6,1.0,0.0,2.0
178,93,1,0.7006426162957441,1,default,0.5,TP,54.0,0.0,1.0,132.0,288.0,1.0,0.0,159.0,1.0,0.0,2.0,1.0,2.0
178,93,1,0.7006426162957441,1,youden_j,0.46,TP,54.0,0.0,1.0,132.0,288.0,1.0,0.0,159.0,1.0,0.0,2.0,1.0,2.0
178,93,1,0.7006426162957441,1,max_f1,0.43,TP,54.0,0.0,1.0,132.0,288.0,1.0,0.0,159.0,1.0,0.0,2.0,1.0,2.0
179,156,1,0.950660582393002,1,default,0.5,TP,47.0,1.0,2.0,130.0,253.0,0.0,1.0,179.0,0.0,0.0,2.0,0.0,2.0
179,156,1,0.950660582393002,1,youden_j,0.46,TP,47.0,1.0,2.0,130.0,253.0,0.0,1.0,179.0,0.0,0.0,2.0,0.0,2.0
179,156,1,0.950660582393002,1,max_f1,0.43,TP,47.0,1.0,2.0,130.0,253.0,0.0,1.0,179.0,0.0,0.0,2.0,0.0,2.0
180,74,1,0.9298791214356381,1,default,0.5,TP,43.0,0.0,2.0,122.0,213.0,0.0,1.0,165.0,0.0,0.2,1.0,0.0,2.0
180,74,1,0.9298791214356381,1,youden_j,0.46,TP,43.0,0.0,2.0,122.0,213.0,0.0,1.0,165.0,0.0,0.2,1.0,0.0,2.0
180,74,1,0.9298791214356381,1,max_f1,0.43,TP,43.0,0.0,2.0,122.0,213.0,0.0,1.0,165.0,0.0,0.2,1.0,0.0,2.0
181,261,0,0.7451607398872493,1,default,0.5,FP,52.0,1.0,0.0,112.0,230.0,0.0,1.0,160.0,0.0,0.0,2.0,1.0,2.0
181,261,0,0.7451607398872493,1,youden_j,0.46,FP,52.0,1.0,0.0,112.0,230.0,0.0,1.0,160.0,0.0,0.0,2.0,1.0,2.0
181,261,0,0.7451607398872493,1,max_f1,0.43,FP,52.0,1.0,0.0,112.0,230.0,0.0,1.0,160.0,0.0,0.0,2.0,1.0,2.0
182,117,1,0.4383379263299984,0,default,0.5,FN,56.0,1.0,3.0,120.0,193.0,0.0,0.0,162.0,0.0,1.9,1.0,0.0,3.0
182,117,1,0.4383379263299984,0,youden_j,0.46,FN,56.0,1.0,3.0,120.0,193.0,0.0,0.0,162.0,0.0,1.9,1.0,0.0,3.0
182,117,1,0.4383379263299984,1,max_f1,0.43,TP,56.0,1.0,3.0,120.0,193.0,0.0,0.0,162.0,0.0,1.9,1.0,0.0,3.0
183,1,1,0.819767016134746,1,default,0.5,TP,37.0,1.0,2.0,130.0,250.0,0.0,1.0,187.0,0.0,3.5,0.0,0.0,2.0
183,1,1,0.819767016134746,1,youden_j,0.46,TP,37.0,1.0,2.0,130.0,250.0,0.0,1.0,187.0,0.0,3.5,0.0,0.0,2.0
183,1,1,0.819767016134746,1,max_f1,0.43,TP,37.0,1.0,2.0,130.0,250.0,0.0,1.0,187.0,0.0,3.5,0.0,0.0,2.0
184,219,0,0.217661322654542,0,default,0.5,TN,48.0,1.0,0.0,130.0,256.0,1.0,0.0,150.0,1.0,0.0,2.0,2.0,3.0
184,219,0,0.217661322654542,0,youden_j,0.46,TN,48.0,1.0,0.0,130.0,256.0,1.0,0.0,150.0,1.0,0.0,2.0,2.0,3.0
184,219,0,0.217661322654542,0,max_f1,0.43,TN,48.0,1.0,0.0,130.0,256.0,1.0,0.0,150.0,1.0,0.0,2.0,2.0,3.0
185,201,0,0.04115063481669963,0,default,0.5,TN,60.0,1.0,0.0,125.0,258.0,0.0,0.0,141.0,1.0,2.8,1.0,1.0,3.0
185,201,0,0.04115063481669963,0,youden_j,0.46,TN,60.0,1.0,0.0,125.0,258.0,0.0,0.0,141.0,1.0,2.8,1.0,1.0,3.0
185,201,0,0.04115063481669963,0,max_f1,0.43,TN,60.0,1.0,0.0,125.0,258.0,0.0,0.0,141.0,1.0,2.8,1.0,1.0,3.0
186,296,0,0.7893172096227073,1,default,0.5,FP,63.0,0.0,0.0,124.0,197.0,0.0,1.0,136.0,1.0,0.0,1.0,0.0,2.0
186,296,0,0.7893172096227073,1,youden_j,0.46,FP,63.0,0.0,0.0,124.0,197.0,0.0,1.0,136.0,1.0,0.0,1.0,0.0,2.0
186,296,0,0.7893172096227073,1,max_f1,0.43,FP,63.0,0.0,0.0,124.0,197.0,0.0,1.0,136.0,1.0,0.0,1.0,0.0,2.0
187,48,1,0.8594733273068034,1,default,0.5,TP,53.0,0.0,2.0,128.0,216.0,0.0,0.0,115.0,0.0,0.0,2.0,0.0,0.0
187,48,1,0.8594733273068034,1,youden_j,0.46,TP,53.0,0.0,2.0,128.0,216.0,0.0,0.0,115.0,0.0,0.0,2.0,0.0,0.0
187,48,1,0.8594733273068034,1,max_f1,0.43,TP,53.0,0.0,2.0,128.0,216.0,0.0,0.0,115.0,0.0,0.0,2.0,0.0,0.0
188,300,0,0.08532478066859168,0,default,0.5,TN,68.0,1.0,0.0,144.0,193.0,1.0,1.0,141.0,0.0,3.4,1.0,2.0,3.0
188,300,0,0.08532478066859168,0,youden_j,0.46,TN,68.0,1.0,0.0,144.0,193.0,1.0,1.0,141.0,0.0,3.4,1.0,2.0,3.0
188,300,0,0.08532478066859168,0,max_f1,0.43,TN,68.0,1.0,0.0,144.0,193.0,1.0,1.0,141.0,0.0,3.4,1.0,2.0,3.0
189,232,0,0.05279841522609766,0,default,0.5,TN,55.0,1.0,0.0,160.0,289.0,0.0,0.0,145.0,1.0,0.8,1.0,1.0,3.0
189,232,0,0.05279841522609766,0,youden_j,0.46,TN,55.0,1.0,0.0,160.0,289.0,0.0,0.0,145.0,1.0,0.8,1.0,1.0,3.0
189,232,0,0.05279841522609766,0,max_f1,0.43,TN,55.0,1.0,0.0,160.0,289.0,0.0,0.0,145.0,1.0,0.8,1.0,1.0,3.0
190,97,1,0.4476882754125705,0,default,0.5,FN,52.0,1.0,0.0,108.0,233.0,1.0,1.0,147.0,0.0,0.1,2.0,3.0,3.0
190,97,1,0.4476882754125705,0,youden_j,0.46,FN,52.0,1.0,0.0,108.0,233.0,1.0,1.0,147.0,0.0,0.1,2.0,3.0,3.0
190,97,1,0.4476882754125705,1,max_f1,0.43,TP,52.0,1.0,0.0,108.0,233.0,1.0,1.0,147.0,0.0,0.1,2.0,3.0,3.0
191,209,0,0.35858259130830666,0,default,0.5,TN,59.0,1.0,0.0,140.0,177.0,0.0,1.0,162.0,1.0,0.0,2.0,1.0,3.0
191,209,0,0.35858259130830666,0,youden_j,0.46,TN,59.0,1.0,0.0,140.0,177.0,0.0,1.0,162.0,1.0,0.0,2.0,1.0,3.0
191,209,0,0.35858259130830666,0,max_f1,0.43,TN,59.0,1.0,0.0,140.0,177.0,0.0,1.0,162.0,1.0,0.0,2.0,1.0,3.0
192,105,1,0.6240084376744457,1,default,0.5,TP,68.0,0.0,2.0,120.0,211.0,0.0,0.0,115.0,0.0,1.5,1.0,0.0,2.0
192,105,1,0.6240084376744457,1,youden_j,0.46,TP,68.0,0.0,2.0,120.0,211.0,0.0,0.0,115.0,0.0,1.5,1.0,0.0,2.0
192,105,1,0.6240084376744457,1,max_f1,0.43,TP,68.0,0.0,2.0,120.0,211.0,0.0,0.0,115.0,0.0,1.5,1.0,0.0,2.0
193,145,1,0.8270630326759886,1,default,0.5,TP,70.0,1.0,1.0,156.0,245.0,0.0,0.0,143.0,0.0,0.0,2.0,0.0,2.0
193,145,1,0.8270630326759886,1,youden_j,0.46,TP,70.0,1.0,1.0,156.0,245.0,0.0,0.0,143.0,0.0,0.0,2.0,0.0,2.0
193,145,1,0.8270630326759886,1,max_f1,0.43,TP,70.0,1.0,1.0,156.0,245.0,0.0,0.0,143.0,0.0,0.0,2.0,0.0,2.0
194,192,0,0.12011171158878482,0,default,0.5,TN,54.0,1.0,0.0,120.0,188.0,0.0,1.0,113.0,0.0,1.4,1.0,1.0,3.0
194,192,0,0.12011171158878482,0,youden_j,0.46,TN,54.0,1.0,0.0,120.0,188.0,0.0,1.0,113.0,0.0,1.4,1.0,1.0,3.0
194,192,0,0.12011171158878482,0,max_f1,0.43,TN,54.0,1.0,0.0,120.0,188.0,0.0,1.0,113.0,0.0,1.4,1.0,1.0,3.0
195,204,0,0.03355511715844096,0,default,0.5,TN,62.0,0.0,0.0,160.0,164.0,0.0,0.0,145.0,0.0,6.2,0.0,3.0,3.0
195,204,0,0.03355511715844096,0,youden_j,0.46,TN,62.0,0.0,0.0,160.0,164.0,0.0,0.0,145.0,0.0,6.2,0.0,3.0,3.0
195,204,0,0.03355511715844096,0,max_f1,0.43,TN,62.0,0.0,0.0,160.0,164.0,0.0,0.0,145.0,0.0,6.2,0.0,3.0,3.0
196,121,1,0.8116727080236645,1,default,0.5,TP,59.0,1.0,0.0,138.0,271.0,0.0,0.0,182.0,0.0,0.0,2.0,0.0,2.0
196,121,1,0.8116727080236645,1,youden_j,0.46,TP,59.0,1.0,0.0,138.0,271.0,0.0,0.0,182.0,0.0,0.0,2.0,0.0,2.0
196,121,1,0.8116727080236645,1,max_f1,0.43,TP,59.0,1.0,0.0,138.0,271.0,0.0,0.0,182.0,0.0,0.0,2.0,0.0,2.0
197,245,0,0.3187277047913964,0,default,0.5,TN,48.0,1.0,0.0,124.0,274.0,0.0,0.0,166.0,0.0,0.5,1.0,0.0,3.0
197,245,0,0.3187277047913964,0,youden_j,0.46,TN,48.0,1.0,0.0,124.0,274.0,0.0,0.0,166.0,0.0,0.5,1.0,0.0,3.0
197,245,0,0.3187277047913964,0,max_f1,0.43,TN,48.0,1.0,0.0,124.0,274.0,0.0,0.0,166.0,0.0,0.5,1.0,0.0,3.0
198,191,0,0.06172933193097953,0,default,0.5,TN,58.0,1.0,0.0,128.0,216.0,0.0,0.0,131.0,1.0,2.2,1.0,3.0,3.0
198,191,0,0.06172933193097953,0,youden_j,0.46,TN,58.0,1.0,0.0,128.0,216.0,0.0,0.0,131.0,1.0,2.2,1.0,3.0,3.0
198,191,0,0.06172933193097953,0,max_f1,0.43,TN,58.0,1.0,0.0,128.0,216.0,0.0,0.0,131.0,1.0,2.2,1.0,3.0,3.0
199,63,1,0.722457333172425,1,default,0.5,TP,41.0,1.0,1.0,135.0,203.0,0.0,1.0,132.0,0.0,0.0,1.0,0.0,1.0
199,63,1,0.722457333172425,1,youden_j,0.46,TP,41.0,1.0,1.0,135.0,203.0,0.0,1.0,132.0,0.0,0.0,1.0,0.0,1.0
199,63,1,0.722457333172425,1,max_f1,0.43,TP,41.0,1.0,1.0,135.0,203.0,0.0,1.0,132.0,0.0,0.0,1.0,0.0,1.0
200,120,1,0.18709065542410724,0,default,0.5,FN,64.0,0.0,0.0,130.0,303.0,0.0,1.0,122.0,0.0,2.0,1.0,2.0,2.0
200,120,1,0.18709065542410724,0,youden_j,0.46,FN,64.0,0.0,0.0,130.0,303.0,0.0,1.0,122.0,0.0,2.0,1.0,2.0,2.0
200,120,1,0.18709065542410724,0,max_f1,0.43,FN,64.0,0.0,0.0,130.0,303.0,0.0,1.0,122.0,0.0,2.0,1.0,2.0,2.0
201,190,0,0.2878696708571497,0,default,0.5,TN,51.0,0.0,0.0,130.0,305.0,0.0,1.0,142.0,1.0,1.2,1.0,0.0,3.0
201,190,0,0.2878696708571497,0,youden_j,0.46,TN,51.0,0.0,0.0,130.0,305.0,0.0,1.0,142.0,1.0,1.2,1.0,0.0,3.0
201,190,0,0.2878696708571497,0,max_f1,0.43,TN,51.0,0.0,0.0,130.0,305.0,0.0,1.0,142.0,1.0,1.2,1.0,0.0,3.0
202,99,1,0.8911932095930402,1,default,0.5,TP,53.0,1.0,2.0,130.0,246.0,1.0,0.0,173.0,0.0,0.0,2.0,3.0,2.0
202,99,1,0.8911932095930402,1,youden_j,0.46,TP,53.0,1.0,2.0,130.0,246.0,1.0,0.0,173.0,0.0,0.0,2.0,3.0,2.0
202,99,1,0.8911932095930402,1,max_f1,0.43,TP,53.0,1.0,2.0,130.0,246.0,1.0,0.0,173.0,0.0,0.0,2.0,3.0,2.0
203,52,1,0.31004940331392455,0,default,0.5,FN,62.0,1.0,2.0,130.0,231.0,0.0,1.0,146.0,0.0,1.8,1.0,3.0,3.0
203,52,1,0.31004940331392455,0,youden_j,0.46,FN,62.0,1.0,2.0,130.0,231.0,0.0,1.0,146.0,0.0,1.8,1.0,3.0,3.0
203,52,1,0.31004940331392455,0,max_f1,0.43,FN,62.0,1.0,2.0,130.0,231.0,0.0,1.0,146.0,0.0,1.8,1.0,3.0,3.0
204,9,1,0.9241456635987563,1,default,0.5,TP,57.0,1.0,2.0,150.0,168.0,0.0,1.0,174.0,0.0,1.6,2.0,0.0,2.0
204,9,1,0.9241456635987563,1,youden_j,0.46,TP,57.0,1.0,2.0,150.0,168.0,0.0,1.0,174.0,0.0,1.6,2.0,0.0,2.0
204,9,1,0.9241456635987563,1,max_f1,0.43,TP,57.0,1.0,2.0,150.0,168.0,0.0,1.0,174.0,0.0,1.6,2.0,0.0,2.0
205,183,0,0.35326619441613993,0,default,0.5,TN,58.0,1.0,2.0,112.0,230.0,0.0,0.0,165.0,0.0,2.5,1.0,1.0,3.0
205,183,0,0.35326619441613993,0,youden_j,0.46,TN,58.0,1.0,2.0,112.0,230.0,0.0,0.0,165.0,0.0,2.5,1.0,1.0,3.0
205,183,0,0.35326619441613993,0,max_f1,0.43,TN,58.0,1.0,2.0,112.0,230.0,0.0,0.0,165.0,0.0,2.5,1.0,1.0,3.0
206,262,0,0.02978300215817639,0,default,0.5,TN,53.0,1.0,0.0,123.0,282.0,0.0,1.0,95.0,1.0,2.0,1.0,2.0,3.0
206,262,0,0.02978300215817639,0,youden_j,0.46,TN,53.0,1.0,0.0,123.0,282.0,0.0,1.0,95.0,1.0,2.0,1.0,2.0,3.0
206,262,0,0.02978300215817639,0,max_f1,0.43,TN,53.0,1.0,0.0,123.0,282.0,0.0,1.0,95.0,1.0,2.0,1.0,2.0,3.0
207,290,0,0.41994817617894176,0,default,0.5,TN,61.0,1.0,0.0,148.0,203.0,0.0,1.0,161.0,0.0,0.0,2.0,1.0,3.0
207,290,0,0.41994817617894176,0,youden_j,0.46,TN,61.0,1.0,0.0,148.0,203.0,0.0,1.0,161.0,0.0,0.0,2.0,1.0,3.0
207,290,0,0.41994817617894176,0,max_f1,0.43,TN,61.0,1.0,0.0,148.0,203.0,0.0,1.0,161.0,0.0,0.0,2.0,1.0,3.0
208,162,1,0.9701775256373535,1,default,0.5,TP,41.0,1.0,1.0,120.0,157.0,0.0,1.0,182.0,0.0,0.0,2.0,0.0,2.0
208,162,1,0.9701775256373535,1,youden_j,0.46,TP,41.0,1.0,1.0,120.0,157.0,0.0,1.0,182.0,0.0,0.0,2.0,0.0,2.0
208,162,1,0.9701775256373535,1,max_f1,0.43,TP,41.0,1.0,1.0,120.0,157.0,0.0,1.0,182.0,0.0,0.0,2.0,0.0,2.0
209,149,1,0.956918152246898,1,default,0.5,TP,42.0,1.0,2.0,130.0,180.0,0.0,1.0,150.0,0.0,0.0,2.0,0.0,2.0
209,149,1,0.956918152246898,1,youden_j,0.46,TP,42.0,1.0,2.0,130.0,180.0,0.0,1.0,150.0,0.0,0.0,2.0,0.0,2.0
209,149,1,0.956918152246898,1,max_f1,0.43,TP,42.0,1.0,2.0,130.0,180.0,0.0,1.0,150.0,0.0,0.0,2.0,0.0,2.0
210,181,0,0.13483108599349375,0,default,0.5,TN,65.0,0.0,0.0,150.0,225.0,0.0,0.0,114.0,0.0,1.0,1.0,3.0,3.0
210,181,0,0.13483108599349375,0,youden_j,0.46,TN,65.0,0.0,0.0,150.0,225.0,0.0,0.0,114.0,0.0,1.0,1.0,3.0,3.0
210,181,0,0.13483108599349375,0,max_f1,0.43,TN,65.0,0.0,0.0,150.0,225.0,0.0,0.0,114.0,0.0,1.0,1.0,3.0,3.0
211,282,0,0.40533616083023344,0,default,0.5,TN,59.0,1.0,2.0,126.0,218.0,1.0,1.0,134.0,0.0,2.2,1.0,1.0,1.0
211,282,0,0.40533616083023344,0,youden_j,0.46,TN,59.0,1.0,2.0,126.0,218.0,1.0,1.0,134.0,0.0,2.2,1.0,1.0,1.0
211,282,0,0.40533616083023344,0,max_f1,0.43,TN,59.0,1.0,2.0,126.0,218.0,1.0,1.0,134.0,0.0,2.2,1.0,1.0,1.0
212,37,1,0.5822984167767309,1,default,0.5,TP,54.0,1.0,2.0,150.0,232.0,0.0,0.0,165.0,0.0,1.6,2.0,0.0,3.0
212,37,1,0.5822984167767309,1,youden_j,0.46,TP,54.0,1.0,2.0,150.0,232.0,0.0,0.0,165.0,0.0,1.6,2.0,0.0,3.0
212,37,1,0.5822984167767309,1,max_f1,0.43,TP,54.0,1.0,2.0,150.0,232.0,0.0,0.0,165.0,0.0,1.6,2.0,0.0,3.0
213,220,0,0.025410512233087594,0,default,0.5,TN,63.0,0.0,0.0,150.0,407.0,0.0,0.0,154.0,0.0,4.0,1.0,3.0,3.0
213,220,0,0.025410512233087594,0,youden_j,0.46,TN,63.0,0.0,0.0,150.0,407.0,0.0,0.0,154.0,0.0,4.0,1.0,3.0,3.0
213,220,0,0.025410512233087594,0,max_f1,0.43,TN,63.0,0.0,0.0,150.0,407.0,0.0,0.0,154.0,0.0,4.0,1.0,3.0,3.0
214,287,0,0.8214580182050419,1,default,0.5,FP,57.0,1.0,1.0,154.0,232.0,0.0,0.0,164.0,0.0,0.0,2.0,1.0,2.0
214,287,0,0.8214580182050419,1,youden_j,0.46,FP,57.0,1.0,1.0,154.0,232.0,0.0,0.0,164.0,0.0,0.0,2.0,1.0,2.0
214,287,0,0.8214580182050419,1,max_f1,0.43,FP,57.0,1.0,1.0,154.0,232.0,0.0,0.0,164.0,0.0,0.0,2.0,1.0,2.0
215,165,0,0.08357203418304751,0,default,0.5,TN,67.0,1.0,0.0,160.0,286.0,0.0,0.0,108.0,1.0,1.5,1.0,3.0,2.0
215,165,0,0.08357203418304751,0,youden_j,0.46,TN,67.0,1.0,0.0,160.0,286.0,0.0,0.0,108.0,1.0,1.5,1.0,3.0,2.0
215,165,0,0.08357203418304751,0,max_f1,0.43,TN,67.0,1.0,0.0,160.0,286.0,0.0,0.0,108.0,1.0,1.5,1.0,3.0,2.0
216,134,1,0.9136377032362679,1,default,0.5,TP,41.0,0.0,1.0,126.0,306.0,0.0,1.0,163.0,0.0,0.0,2.0,0.0,2.0
216,134,1,0.9136377032362679,1,youden_j,0.46,TP,41.0,0.0,1.0,126.0,306.0,0.0,1.0,163.0,0.0,0.0,2.0,0.0,2.0
216,134,1,0.9136377032362679,1,max_f1,0.43,TP,41.0,0.0,1.0,126.0,306.0,0.0,1.0,163.0,0.0,0.0,2.0,0.0,2.0
217,169,0,0.15813937864415215,0,default,0.5,TN,53.0,1.0,0.0,140.0,203.0,1.0,0.0,155.0,1.0,3.1,0.0,0.0,3.0
217,169,0,0.15813937864415215,0,youden_j,0.46,TN,53.0,1.0,0.0,140.0,203.0,1.0,0.0,155.0,1.0,3.1,0.0,0.0,3.0
217,169,0,0.15813937864415215,0,max_f1,0.43,TN,53.0,1.0,0.0,140.0,203.0,1.0,0.0,155.0,1.0,3.1,0.0,0.0,3.0
218,109,1,0.860069297890492,1,default,0.5,TP,50.0,0.0,0.0,110.0,254.0,0.0,0.0,159.0,0.0,0.0,2.0,0.0,2.0
218,109,1,0.860069297890492,1,youden_j,0.46,TP,50.0,0.0,0.0,110.0,254.0,0.0,0.0,159.0,0.0,0.0,2.0,0.0,2.0
218,109,1,0.860069297890492,1,max_f1,0.43,TP,50.0,0.0,0.0,110.0,254.0,0.0,0.0,159.0,0.0,0.0,2.0,0.0,2.0
219,78,1,0.9509521293746465,1,default,0.5,TP,52.0,1.0,1.0,128.0,205.0,1.0,1.0,184.0,0.0,0.0,2.0,0.0,2.0
219,78,1,0.9509521293746465,1,youden_j,0.46,TP,52.0,1.0,1.0,128.0,205.0,1.0,1.0,184.0,0.0,0.0,2.0,0.0,2.0
219,78,1,0.9509521293746465,1,max_f1,0.43,TP,52.0,1.0,1.0,128.0,205.0,1.0,1.0,184.0,0.0,0.0,2.0,0.0,2.0
220,49,1,0.8494000903459543,1,default,0.5,TP,53.0,0.0,0.0,138.0,234.0,0.0,0.0,160.0,0.0,0.0,2.0,0.0,2.0
220,49,1,0.8494000903459543,1,youden_j,0.46,TP,53.0,0.0,0.0,138.0,234.0,0.0,0.0,160.0,0.0,0.0,2.0,0.0,2.0
220,49,1,0.8494000903459543,1,max_f1,0.43,TP,53.0,0.0,0.0,138.0,234.0,0.0,0.0,160.0,0.0,0.0,2.0,0.0,2.0
221,67,1,0.9147756508083091,1,default,0.5,TP,45.0,0.0,1.0,130.0,234.0,0.0,0.0,175.0,0.0,0.6,1.0,0.0,2.0
221,67,1,0.9147756508083091,1,youden_j,0.46,TP,45.0,0.0,1.0,130.0,234.0,0.0,0.0,175.0,0.0,0.6,1.0,0.0,2.0
221,67,1,0.9147756508083091,1,max_f1,0.43,TP,45.0,0.0,1.0,130.0,234.0,0.0,0.0,175.0,0.0,0.6,1.0,0.0,2.0
222,38,1,0.8808772395210595,1,default,0.5,TP,65.0,0.0,2.0,155.0,269.0,0.0,1.0,148.0,0.0,0.8,2.0,0.0,2.0
222,38,1,0.8808772395210595,1,youden_j,0.46,TP,65.0,0.0,2.0,155.0,269.0,0.0,1.0,148.0,0.0,0.8,2.0,0.0,2.0
222,38,1,0.8808772395210595,1,max_f1,0.43,TP,65.0,0.0,2.0,155.0,269.0,0.0,1.0,148.0,0.0,0.8,2.0,0.0,2.0
223,128,1,0.930581888451582,1,default,0.5,TP,52.0,0.0,2.0,136.0,196.0,0.0,0.0,169.0,0.0,0.1,1.0,0.0,2.0
223,128,1,0.930581888451582,1,youden_j,0.46,TP,52.0,0.0,2.0,136.0,196.0,0.0,0.0,169.0,0.0,0.1,1.0,0.0,2.0
223,128,1,0.930581888451582,1,max_f1,0.43,TP,52.0,0.0,2.0,136.0,196.0,0.0,0.0,169.0,0.0,0.1,1.0,0.0,2.0
224,138,1,0.26916866208247475,0,default,0.5,FN,57.0,1.0,0.0,110.0,201.0,0.0,1.0,126.0,1.0,1.5,1.0,0.0,1.0
224,138,1,0.26916866208247475,0,youden_j,0.46,FN,57.0,1.0,0.0,110.0,201.0,0.0,1.0,126.0,1.0,1.5,1.0,0.0,1.0
224,138,1,0.26916866208247475,0,max_f1,0.43,FN,57.0,1.0,0.0,110.0,201.0,0.0,1.0,126.0,1.0,1.5,1.0,0.0,1.0
225,125,1,0.9717512398112078,1,default,0.5,TP,34.0,0.0,1.0,118.0,210.0,0.0,1.0,192.0,0.0,0.7,2.0,0.0,2.0
225,125,1,0.9717512398112078,1,youden_j,0.46,TP,34.0,0.0,1.0,118.0,210.0,0.0,1.0,192.0,0.0,0.7,2.0,0.0,2.0
225,125,1,0.9717512398112078,1,max_f1,0.43,TP,34.0,0.0,1.0,118.0,210.0,0.0,1.0,192.0,0.0,0.7,2.0,0.0,2.0
226,46,1,0.9480782882345921,1,default,0.5,TP,44.0,1.0,2.0,140.0,235.0,0.0,0.0,180.0,0.0,0.0,2.0,0.0,2.0
226,46,1,0.9480782882345921,1,youden_j,0.46,TP,44.0,1.0,2.0,140.0,235.0,0.0,0.0,180.0,0.0,0.0,2.0,0.0,2.0
226,46,1,0.9480782882345921,1,max_f1,0.43,TP,44.0,1.0,2.0,140.0,235.0,0.0,0.0,180.0,0.0,0.0,2.0,0.0,2.0
227,153,1,0.7173138348906507,1,default,0.5,TP,66.0,0.0,2.0,146.0,278.0,0.0,0.0,152.0,0.0,0.0,1.0,1.0,2.0
227,153,1,0.7173138348906507,1,youden_j,0.46,TP,66.0,0.0,2.0,146.0,278.0,0.0,0.0,152.0,0.0,0.0,1.0,1.0,2.0
227,153,1,0.7173138348906507,1,max_f1,0.43,TP,66.0,0.0,2.0,146.0,278.0,0.0,0.0,152.0,0.0,0.0,1.0,1.0,2.0
228,113,1,0.6762612831669792,1,default,0.5,TP,43.0,1.0,0.0,110.0,211.0,0.0,1.0,161.0,0.0,0.0,2.0,0.0,3.0
228,113,1,0.6762612831669792,1,youden_j,0.46,TP,43.0,1.0,0.0,110.0,211.0,0.0,1.0,161.0,0.0,0.0,2.0,0.0,3.0
228,113,1,0.6762612831669792,1,max_f1,0.43,TP,43.0,1.0,0.0,110.0,211.0,0.0,1.0,161.0,0.0,0.0,2.0,0.0,3.0
229,108,1,0.9363988642499772,1,default,0.5,TP,50.0,0.0,1.0,120.0,244.0,0.0,1.0,162.0,0.0,1.1,2.0,0.0,2.0
229,108,1,0.9363988642499772,1,youden_j,0.46,TP,50.0,0.0,1.0,120.0,244.0,0.0,1.0,162.0,0.0,1.1,2.0,0.0,2.0
229,108,1,0.9363988642499772,1,max_f1,0.43,TP,50.0,0.0,1.0,120.0,244.0,0.0,1.0,162.0,0.0,1.1,2.0,0.0,2.0
230,72,1,0.9571835461257832,1,default,0.5,TP,29.0,1.0,1.0,130.0,204.0,0.0,0.0,202.0,0.0,0.0,2.0,0.0,2.0
230,72,1,0.9571835461257832,1,youden_j,0.46,TP,29.0,1.0,1.0,130.0,204.0,0.0,0.0,202.0,0.0,0.0,2.0,0.0,2.0
230,72,1,0.9571835461257832,1,max_f1,0.43,TP,29.0,1.0,1.0,130.0,204.0,0.0,0.0,202.0,0.0,0.0,2.0,0.0,2.0
231,118,1,0.9715898670419432,1,default,0.5,TP,46.0,0.0,1.0,105.0,204.0,0.0,1.0,172.0,0.0,0.0,2.0,0.0,2.0
231,118,1,0.9715898670419432,1,youden_j,0.46,TP,46.0,0.0,1.0,105.0,204.0,0.0,1.0,172.0,0.0,0.0,2.0,0.0,2.0
231,118,1,0.9715898670419432,1,max_f1,0.43,TP,46.0,0.0,1.0,105.0,204.0,0.0,1.0,172.0,0.0,0.0,2.0,0.0,2.0
232,284,0,0.10550822798394086,0,default,0.5,TN,61.0,1.0,0.0,140.0,207.0,0.0,0.0,138.0,1.0,1.9,2.0,1.0,3.0
232,284,0,0.10550822798394086,0,youden_j,0.46,TN,61.0,1.0,0.0,140.0,207.0,0.0,0.0,138.0,1.0,1.9,2.0,1.0,3.0
232,284,0,0.10550822798394086,0,max_f1,0.43,TN,61.0,1.0,0.0,140.0,207.0,0.0,0.0,138.0,1.0,1.9,2.0,1.0,3.0
233,274,0,0.17101530696042685,0,default,0.5,TN,47.0,1.0,0.0,110.0,275.0,0.0,0.0,118.0,1.0,1.0,1.0,1.0,2.0
233,274,0,0.17101530696042685,0,youden_j,0.46,TN,47.0,1.0,0.0,110.0,275.0,0.0,0.0,118.0,1.0,1.0,1.0,1.0,2.0
233,274,0,0.17101530696042685,0,max_f1,0.43,TN,47.0,1.0,0.0,110.0,275.0,0.0,0.0,118.0,1.0,1.0,1.0,1.0,2.0
234,147,1,0.9282981514553791,1,default,0.5,TP,60.0,0.0,3.0,150.0,240.0,0.0,1.0,171.0,0.0,0.9,2.0,0.0,2.0
234,147,1,0.9282981514553791,1,youden_j,0.46,TP,60.0,0.0,3.0,150.0,240.0,0.0,1.0,171.0,0.0,0.9,2.0,0.0,2.0
234,147,1,0.9282981514553791,1,max_f1,0.43,TP,60.0,0.0,3.0,150.0,240.0,0.0,1.0,171.0,0.0,0.9,2.0,0.0,2.0
235,292,0,0.10321936894717795,0,default,0.5,TN,58.0,0.0,0.0,170.0,225.0,1.0,0.0,146.0,1.0,2.8,1.0,2.0,1.0
235,292,0,0.10321936894717795,0,youden_j,0.46,TN,58.0,0.0,0.0,170.0,225.0,1.0,0.0,146.0,1.0,2.8,1.0,2.0,1.0
235,292,0,0.10321936894717795,0,max_f1,0.43,TN,58.0,0.0,0.0,170.0,225.0,1.0,0.0,146.0,1.0,2.8,1.0,2.0,1.0
236,170,0,0.322790450920563,0,default,0.5,TN,56.0,1.0,2.0,130.0,256.0,1.0,0.0,142.0,1.0,0.6,1.0,1.0,1.0
236,170,0,0.322790450920563,0,youden_j,0.46,TN,56.0,1.0,2.0,130.0,256.0,1.0,0.0,142.0,1.0,0.6,1.0,1.0,1.0
236,170,0,0.322790450920563,0,max_f1,0.43,TN,56.0,1.0,2.0,130.0,256.0,1.0,0.0,142.0,1.0,0.6,1.0,1.0,1.0
237,39,1,0.8022438947357022,1,default,0.5,TP,65.0,0.0,2.0,160.0,360.0,0.0,0.0,151.0,0.0,0.8,2.0,0.0,2.0
237,39,1,0.8022438947357022,1,youden_j,0.46,TP,65.0,0.0,2.0,160.0,360.0,0.0,0.0,151.0,0.0,0.8,2.0,0.0,2.0
237,39,1,0.8022438947357022,1,max_f1,0.43,TP,65.0,0.0,2.0,160.0,360.0,0.0,0.0,151.0,0.0,0.8,2.0,0.0,2.0
238,104,1,0.9611948789710922,1,default,0.5,TP,50.0,1.0,2.0,129.0,196.0,0.0,1.0,163.0,0.0,0.0,2.0,0.0,2.0
238,104,1,0.9611948789710922,1,youden_j,0.46,TP,50.0,1.0,2.0,129.0,196.0,0.0,1.0,163.0,0.0,0.0,2.0,0.0,2.0
238,104,1,0.9611948789710922,1,max_f1,0.43,TP,50.0,1.0,2.0,129.0,196.0,0.0,1.0,163.0,0.0,0.0,2.0,0.0,2.0
239,140,1,0.9189581810373149,1,default,0.5,TP,51.0,0.0,2.0,120.0,295.0,0.0,0.0,157.0,0.0,0.6,2.0,0.0,2.0
239,140,1,0.9189581810373149,1,youden_j,0.46,TP,51.0,0.0,2.0,120.0,295.0,0.0,0.0,157.0,0.0,0.6,2.0,0.0,2.0
239,140,1,0.9189581810373149,1,max_f1,0.43,TP,51.0,0.0,2.0,120.0,295.0,0.0,0.0,157.0,0.0,0.6,2.0,0.0,2.0
240,114,1,0.9017304822311912,1,default,0.5,TP,55.0,1.0,1.0,130.0,262.0,0.0,1.0,155.0,0.0,0.0,2.0,0.0,2.0
240,114,1,0.9017304822311912,1,youden_j,0.46,TP,55.0,1.0,1.0,130.0,262.0,0.0,1.0,155.0,0.0,0.0,2.0,0.0,2.0
240,114,1,0.9017304822311912,1,max_f1,0.43,TP,55.0,1.0,1.0,130.0,262.0,0.0,1.0,155.0,0.0,0.0,2.0,0.0,2.0
241,110,1,0.5626554329528004,1,default,0.5,TP,64.0,0.0,0.0,180.0,325.0,0.0,1.0,154.0,1.0,0.0,2.0,0.0,2.0
241,110,1,0.5626554329528004,1,youden_j,0.46,TP,64.0,0.0,0.0,180.0,325.0,0.0,1.0,154.0,1.0,0.0,2.0,0.0,2.0
241,110,1,0.5626554329528004,1,max_f1,0.43,TP,64.0,0.0,0.0,180.0,325.0,0.0,1.0,154.0,1.0,0.0,2.0,0.0,2.0
