dev_index,original_sample_index,true_label,predicted_probability,fold_id
0,19,1,0.7430521931573646,3
1,247,0,0.35822302568935216,1
2,289,0,0.09910698487257377,4
3,288,0,0.045377280510444595,1
4,60,1,0.8075251911394659,4
5,150,1,0.265942757798431,1
6,71,1,0.5493347245808424,2
7,2,1,0.9191770658564383,3
8,198,0,0.049227198794217025,2
9,92,1,0.9262396240324001,5
10,230,0,0.9576421751794639,5
11,79,1,0.4468975787787078,3
12,205,0,0.2654999867585188,2
13,172,0,0.7377090601944806,4
14,178,0,0.12130791483180219,5
15,3,1,0.9329660297045264,5
16,233,0,0.10793249548064436,1
17,246,0,0.05846672561159599,1
18,10,1,0.7418421250388356,3
19,33,1,0.6802652856801151,1
20,199,0,0.4535116381629888,3
21,24,1,0.6401201620121466,2
22,81,1,0.8476325056717264,2
23,59,1,0.6078752043230298,2
24,137,1,0.8676167324712235,1
25,177,0,0.9043328956216031,1
26,139,1,0.056306565129376505,4
27,90,1,0.8740550946975054,4
28,250,0,0.027057474333260844,2
29,32,1,0.920184416343097,2
30,214,0,0.24096121271652998,2
31,45,1,0.8922360288757722,4
32,295,0,0.05951790807733591,2
33,11,1,0.9234143322453792,2
34,189,0,0.7210126261076117,3
35,82,1,0.8672873106226116,3
36,87,1,0.8133728160816027,1
37,111,1,0.708636111602185,1
38,98,1,0.6521577997199961,2
39,270,0,0.4450825797078199,3
40,86,1,0.4668117631286033,1
41,127,1,0.9012195724721745,5
42,235,0,0.2791247355527505,4
43,119,1,0.5698017781420434,3
44,259,0,0.30776157784163727,5
45,20,1,0.3927763105226097,5
46,168,0,0.10067873309687947,5
47,146,1,0.7858620550434344,4
48,144,1,0.7907959778189049,4
49,200,0,0.8182562986508193,5
50,216,0,0.29224066632964585,1
51,213,0,0.17278837906229844,4
52,47,1,0.9002945405093193,1
53,173,0,0.45422099995329007,3
54,106,1,0.4877401311099211,1
55,164,1,0.945517105349019,5
56,238,0,0.5036096152839235,5
57,277,0,0.6907070168326532,4
58,42,1,0.23301504199465967,3
59,8,1,0.7535921681125763,1
60,68,1,0.9447678951600633,4
61,161,1,0.8774477667251827,5
62,69,1,0.9021741668565568,2
63,80,1,0.9591958950674094,1
64,84,1,0.4853933396875707,3
65,182,0,0.8104220518363878,1
66,260,0,0.15444678112805313,4
67,163,1,0.9490056561657715,3
68,222,0,0.5611505405253889,3
69,280,0,0.14922135579329837,5
70,175,0,0.1750819901898774,4
71,158,1,0.46672675259785174,1
72,115,1,0.96498063985307,2
73,265,0,0.4538304903294875,4
74,103,1,0.862792605657563,3
75,208,0,0.4042293258607347,1
76,132,1,0.9007140028703654,4
77,50,1,0.9070520475855457,2
78,243,0,0.03324721809493063,3
79,244,0,0.06353508348203663,1
80,193,0,0.033118320655477915,1
81,116,1,0.793965753222354,5
82,255,0,0.12752560958938247,3
83,237,0,0.1886325333894966,3
84,55,1,0.8243805152409209,4
85,242,0,0.14296130569028484,4
86,171,0,0.7576647960991785,4
87,143,1,0.7711662374003952,1
88,254,0,0.7817176079729136,2
89,210,0,0.478931807138844,3
90,273,0,0.5212775233952712,5
91,276,0,0.06502041057858152,5
92,249,0,0.2711157762876525,4
93,58,1,0.9310777792834036,2
94,258,0,0.6488554672479253,1
95,73,1,0.7631940166706469,3
96,56,1,0.8519783269352796,1
97,112,1,0.6575262589107389,4
98,256,0,0.04011875062746686,4
99,75,1,0.7692066068992073,2
100,15,1,0.8790596565121946,4
101,251,0,0.16862246788843066,4
102,29,1,0.8773501546413668,4
103,6,1,0.7031140977568757,2
104,207,0,0.0779416454320785,5
105,294,0,0.3683768064334404,2
106,266,0,0.09976851912159777,4
107,195,0,0.03169680658101921,5
108,40,1,0.6615802560473878,1
109,180,0,0.05364828638511261,5
110,215,0,0.08179897769317455,2
111,211,0,0.04031375525693195,2
112,23,1,0.5573062024845187,3
113,101,1,0.08494595778842687,5
114,159,1,0.6865006805522985,2
115,206,0,0.08119237716760261,2
116,229,0,0.26136066822762005,5
117,124,1,0.9723662672037957,2
118,283,0,0.7972176516394527,3
119,155,1,0.7595982471081261,2
120,263,0,0.3091597731186254,3
121,94,1,0.9424891519457663,1
122,57,1,0.8662861655616532,3
123,278,0,0.7519721247859319,1
124,34,1,0.45906966735685717,2
125,253,0,0.17249714330766097,2
126,66,1,0.8357773970513882,5
127,196,0,0.6695617639272589,1
128,248,0,0.7521880413638158,3
129,53,1,0.9696858165089232,1
130,17,1,0.7006255042326177,2
131,154,1,0.9095127964408405,3
132,18,1,0.7223497200778356,4
133,5,1,0.5280028388726115,5
134,227,0,0.2387897531592038,5
135,36,1,0.9531246816606463,1
136,77,1,0.9021792717867771,1
137,64,1,0.9310618450472233,5
138,234,0,0.1041047318539103,4
139,226,0,0.1357582015402458,4
140,279,0,0.10402709652109735,1
141,122,1,0.9341678647970781,1
142,96,1,0.5050064634483313,1
143,31,1,0.5663438470815502,2
144,231,0,0.09063620175162361,3
145,221,0,0.03170918396404086,5
146,299,0,0.4322355468204764,3
147,298,0,0.2904445046510656,5
148,76,1,0.6793307576766794,3
149,275,0,0.4934856160817727,3
150,241,0,0.6836265125320324,2
151,30,1,0.9508653980621172,5
152,22,1,0.8738376797241056,1
153,187,0,0.03212303586602944,3
154,16,1,0.9246092120393701,4
155,301,0,0.11304397974835827,4
156,291,0,0.07181169226126737,2
157,225,0,0.16244045617158884,1
158,152,1,0.34763166934417217,5
159,25,1,0.7761557800940275,4
160,91,1,0.5948879404469768,3
161,21,1,0.9194820253947086,2
162,135,1,0.8956946408268995,5
163,7,1,0.7456877766440826,2
164,148,1,0.9455430757610305,4
165,203,0,0.2861412981336689,2
166,176,0,0.21063999915654813,2
167,13,1,0.46439001681662956,3
168,54,1,0.9534062554578139,5
169,223,0,0.0368402406271568,2
170,129,1,0.48391829609092396,3
171,174,0,0.048859149678921784,5
172,212,0,0.32269384859529593,2
173,269,0,0.08036818701781456,1
174,184,0,0.12425868899619467,3
175,126,1,0.8777333746952436,5
176,218,0,0.058245150703652604,3
177,88,1,0.8901009173085379,4
178,93,1,0.7006426162957441,2
179,156,1,0.950660582393002,3
180,74,1,0.9298791214356381,4
181,261,0,0.7451607398872493,3
182,117,1,0.4383379263299984,2
183,1,1,0.819767016134746,4
184,219,0,0.217661322654542,4
185,201,0,0.04115063481669963,2
186,296,0,0.7893172096227073,1
187,48,1,0.8594733273068034,5
188,300,0,0.08532478066859168,4
189,232,0,0.05279841522609766,1
190,97,1,0.4476882754125705,3
191,209,0,0.35858259130830666,2
192,105,1,0.6240084376744457,3
193,145,1,0.8270630326759886,2
194,192,0,0.12011171158878482,1
195,204,0,0.03355511715844096,5
196,121,1,0.8116727080236645,5
197,245,0,0.3187277047913964,1
198,191,0,0.06172933193097953,1
199,63,1,0.722457333172425,3
200,120,1,0.18709065542410724,3
201,190,0,0.2878696708571497,1
202,99,1,0.8911932095930402,5
203,52,1,0.31004940331392455,2
204,9,1,0.9241456635987563,2
205,183,0,0.35326619441613993,4
206,262,0,0.02978300215817639,3
207,290,0,0.41994817617894176,5
208,162,1,0.9701775256373535,5
209,149,1,0.956918152246898,5
210,181,0,0.13483108599349375,3
211,282,0,0.40533616083023344,2
212,37,1,0.5822984167767309,1
213,220,0,0.025410512233087594,5
214,287,0,0.8214580182050419,4
215,165,0,0.08357203418304751,5
216,134,1,0.9136377032362679,2
217,169,0,0.15813937864415215,2
218,109,1,0.860069297890492,1
219,78,1,0.9509521293746465,1
220,49,1,0.8494000903459543,1
221,67,1,0.9147756508083091,4
222,38,1,0.8808772395210595,4
223,128,1,0.930581888451582,5
224,138,1,0.26916866208247475,4
225,125,1,0.9717512398112078,5
226,46,1,0.9480782882345921,3
227,153,1,0.7173138348906507,4
228,113,1,0.6762612831669792,4
229,108,1,0.9363988642499772,5
230,72,1,0.9571835461257832,5
231,118,1,0.9715898670419432,1
232,284,0,0.10550822798394086,5
233,274,0,0.17101530696042685,2
234,147,1,0.9282981514553791,3
235,292,0,0.10321936894717795,4
236,170,0,0.322790450920563,3
237,39,1,0.8022438947357022,3
238,104,1,0.9611948789710922,5
239,140,1,0.9189581810373149,1
240,114,1,0.9017304822311912,4
241,110,1,0.5626554329528004,4
