axis,value,sample_count,positive_count,negative_count,analysis_status,reason,roc_auc,avg_precision,brier_score,log_loss,estimable,default_tp,default_tn,default_fp,default_fn,default_accuracy,default_precision,default_recall,default_specificity,default_f1,default_balanced_accuracy,default_fpr,default_fnr,youden_j_tp,youden_j_tn,youden_j_fp,youden_j_fn,youden_j_accuracy,youden_j_precision,youden_j_recall,youden_j_specificity,youden_j_f1,youden_j_balanced_accuracy,youden_j_fpr,youden_j_fnr,max_f1_tp,max_f1_tn,max_f1_fp,max_f1_fn,max_f1_accuracy,max_f1_precision,max_f1_recall,max_f1_specificity,max_f1_f1,max_f1_balanced_accuracy,max_f1_fpr,max_f1_fnr,note
sex,0,77,56,21,Estimable,,0.9319727891156462,0.9722211346508265,0.08566466457754177,0.2934055563447929,True,53.0,16.0,5.0,3.0,0.8961038961038961,0.9137931034482759,0.9464285714285714,0.7619047619047619,0.9298245614035087,0.8541666666666666,0.23809523809523808,0.05357142857142857,55.0,16.0,5.0,1.0,0.922077922077922,0.9166666666666666,0.9821428571428571,0.7619047619047619,0.9482758620689654,0.8720238095238095,0.23809523809523808,0.017857142857142856,55.0,16.0,5.0,1.0,0.922077922077922,0.9166666666666666,0.9821428571428571,0.7619047619047619,0.9482758620689654,0.8720238095238095,0.23809523809523808,0.017857142857142856,
sex,1,165,76,89,Estimable,,0.8846836191602602,0.8522440752256208,0.13710360798158858,0.4296524504958115,True,60.0,73.0,16.0,16.0,0.806060606060606,0.7894736842105263,0.7894736842105263,0.8202247191011236,0.7894736842105263,0.804849201655825,0.1797752808988764,0.21052631578947367,64.0,71.0,18.0,12.0,0.8181818181818182,0.7804878048780488,0.8421052631578947,0.797752808988764,0.810126582278481,0.8199290360733293,0.20224719101123595,0.15789473684210525,68.0,66.0,23.0,8.0,0.8121212121212121,0.7472527472527473,0.8947368421052632,0.7415730337078652,0.8143712574850299,0.8181549379065642,0.25842696629213485,0.10526315789473684,
cp,3,15,11,4,Not estimable,Total size (15) < 20,,,,,,,,,,,,,,,,,,,,,,,,,,,,,,,,,,,,,,,,,,
cp,1,41,33,8,Estimable,,0.8484848484848485,0.9648525756268116,0.1186264118150233,0.3663405201143515,True,31.0,2.0,6.0,2.0,0.8048780487804879,0.8378378378378378,0.9393939393939394,0.25,0.8857142857142858,0.5946969696969697,0.75,0.06060606060606061,33.0,2.0,6.0,0.0,0.8536585365853658,0.8461538461538461,1.0,0.25,0.9166666666666666,0.625,0.75,0.0,33.0,2.0,6.0,0.0,0.8536585365853658,0.8461538461538461,1.0,0.25,0.9166666666666666,0.625,0.75,0.0,
cp,0,115,30,85,Estimable,,0.8847058823529412,0.7492603011697198,0.1205034734661134,0.3817548948794167,True,22.0,75.0,10.0,8.0,0.8434782608695652,0.6875,0.7333333333333333,0.8823529411764706,0.7096774193548386,0.807843137254902,0.11764705882352941,0.26666666666666666,23.0,74.0,11.0,7.0,0.8434782608695652,0.6764705882352942,0.7666666666666667,0.8705882352941177,0.71875,0.8186274509803921,0.12941176470588237,0.23333333333333334,24.0,71.0,14.0,6.0,0.8260869565217391,0.631578947368421,0.8,0.8352941176470589,0.7058823529411765,0.8176470588235294,0.16470588235294117,0.2,
cp,2,71,58,13,Estimable,,0.8607427055702919,0.9433813567351083,0.0925895265669232,0.329976221586719,True,55.0,10.0,3.0,3.0,0.9154929577464789,0.9482758620689655,0.9482758620689655,0.7692307692307693,0.9482758620689655,0.8587533156498675,0.23076923076923078,0.05172413793103448,56.0,9.0,4.0,2.0,0.9154929577464789,0.9333333333333333,0.9655172413793104,0.6923076923076923,0.9491525423728815,0.8289124668435013,0.3076923076923077,0.034482758620689655,57.0,8.0,5.0,1.0,0.9154929577464789,0.9193548387096774,0.9827586206896551,0.6153846153846154,0.95,0.7990716180371353,0.38461538461538464,0.017241379310344827,
fbs,0,208,115,93,Estimable,,0.896774193548387,0.9049971774981148,0.12720181682328538,0.40145229868728494,True,98.0,74.0,19.0,17.0,0.8269230769230769,0.8376068376068376,0.8521739130434782,0.7956989247311828,0.8448275862068965,0.8239364188873305,0.20430107526881722,0.14782608695652175,103.0,72.0,21.0,12.0,0.8413461538461539,0.8306451612903226,0.8956521739130435,0.7741935483870968,0.8619246861924686,0.8349228611500701,0.22580645161290322,0.10434782608695652,106.0,67.0,26.0,9.0,0.8317307692307693,0.803030303030303,0.9217391304347826,0.7204301075268817,0.8582995951417004,0.8210846189808322,0.27956989247311825,0.0782608695652174,
fbs,1,34,17,17,Estimable,,0.9688581314878892,0.967703550420724,0.08118519382910222,0.2936118836294905,True,15.0,15.0,2.0,2.0,0.8823529411764706,0.8823529411764706,0.8823529411764706,0.8823529411764706,0.8823529411764706,0.8823529411764706,0.11764705882352941,0.11764705882352941,16.0,15.0,2.0,1.0,0.9117647058823529,0.8888888888888888,0.9411764705882353,0.8823529411764706,0.9142857142857143,0.9117647058823529,0.11764705882352941,0.058823529411764705,17.0,15.0,2.0,0.0,0.9411764705882353,0.8947368421052632,1.0,0.8823529411764706,0.9444444444444444,0.9411764705882353,0.11764705882352941,0.0,
restecg,1,124,79,45,Estimable,,0.8919831223628691,0.9230168722607294,0.12251955764188106,0.3955842168192316,True,71.0,34.0,11.0,8.0,0.8467741935483871,0.8658536585365854,0.8987341772151899,0.7555555555555555,0.8819875776397516,0.8271448663853727,0.24444444444444444,0.10126582278481013,73.0,33.0,12.0,6.0,0.8548387096774194,0.8588235294117647,0.9240506329113924,0.7333333333333333,0.8902439024390243,0.8286919831223629,0.26666666666666666,0.0759493670886076,74.0,32.0,13.0,5.0,0.8548387096774194,0.8505747126436781,0.9367088607594937,0.7111111111111111,0.891566265060241,0.8239099859353024,0.28888888888888886,0.06329113924050633,
restecg,2,4,1,3,Not estimable,Total size (4) < 20,,,,,,,,,,,,,,,,,,,,,,,,,,,,,,,,,,,,,,,,,,
restecg,0,114,52,62,Estimable,,0.9081885856079405,0.8929818493189576,0.12243114164858912,0.3852081688208266,True,41.0,52.0,10.0,11.0,0.8157894736842105,0.803921568627451,0.7884615384615384,0.8387096774193549,0.7961165048543688,0.8135856079404467,0.16129032258064516,0.21153846153846154,45.0,51.0,11.0,7.0,0.8421052631578947,0.8035714285714286,0.8653846153846154,0.8225806451612904,0.8333333333333334,0.843982630272953,0.1774193548387097,0.1346153846153846,48.0,47.0,15.0,4.0,0.8333333333333334,0.7619047619047619,0.9230769230769231,0.7580645161290323,0.8347826086956522,0.8405707196029777,0.24193548387096775,0.07692307692307693,
exang,0,160,113,47,Estimable,,0.8559593296930899,0.9245118028510402,0.13150201290926694,0.41248043705160053,True,101.0,30.0,17.0,12.0,0.81875,0.8559322033898306,0.8938053097345132,0.6382978723404256,0.8744588744588744,0.7660515910374694,0.3617021276595745,0.10619469026548672,105.0,28.0,19.0,8.0,0.83125,0.8467741935483871,0.9292035398230089,0.5957446808510638,0.8860759493670886,0.7624741103370363,0.40425531914893614,0.07079646017699115,107.0,24.0,23.0,6.0,0.81875,0.823076923076923,0.9469026548672567,0.5106382978723404,0.8806584362139918,0.7287704763697985,0.48936170212765956,0.05309734513274336,
exang,1,82,19,63,Estimable,,0.9014202172096909,0.7695879659634344,0.09973112712134298,0.33521966148904714,True,12.0,59.0,4.0,7.0,0.8658536585365854,0.75,0.631578947368421,0.9365079365079365,0.6857142857142857,0.7840434419381788,0.06349206349206349,0.3684210526315789,14.0,59.0,4.0,5.0,0.8902439024390244,0.7777777777777778,0.7368421052631579,0.9365079365079365,0.7567567567567567,0.8366750208855471,0.06349206349206349,0.2631578947368421,16.0,58.0,5.0,3.0,0.9024390243902439,0.7619047619047619,0.8421052631578947,0.9206349206349206,0.8,0.8813700918964076,0.07936507936507936,0.15789473684210525,
slope,2,117,90,27,Estimable,,0.8304526748971194,0.930646340453938,0.12471665141022417,0.39695422498329835,True,85.0,13.0,14.0,5.0,0.8376068376068376,0.8585858585858586,0.9444444444444444,0.48148148148148145,0.8994708994708994,0.7129629629629629,0.5185185185185185,0.05555555555555555,87.0,12.0,15.0,3.0,0.8461538461538461,0.8529411764705882,0.9666666666666667,0.4444444444444444,0.90625,0.7055555555555555,0.5555555555555556,0.03333333333333333,89.0,8.0,19.0,1.0,0.8290598290598291,0.8240740740740741,0.9888888888888889,0.2962962962962963,0.8989898989898991,0.6425925925925926,0.7037037037037037,0.011111111111111112,
slope,1,108,36,72,Estimable,,0.904320987654321,0.8426436303933971,0.11798132536057354,0.37705891923399737,True,23.0,66.0,6.0,13.0,0.8240740740740741,0.7931034482758621,0.6388888888888888,0.9166666666666666,0.7076923076923076,0.7777777777777777,0.08333333333333333,0.3611111111111111,27.0,65.0,7.0,9.0,0.8518518518518519,0.7941176470588235,0.75,0.9027777777777778,0.7714285714285715,0.8263888888888888,0.09722222222222222,0.25,29.0,64.0,8.0,7.0,0.8611111111111112,0.7837837837837838,0.8055555555555556,0.8888888888888888,0.7945205479452055,0.8472222222222222,0.1111111111111111,0.19444444444444445,
slope,0,17,6,11,Not estimable,Total size (17) < 20,,,,,,,,,,,,,,,,,,,,,,,,,,,,,,,,,,,,,,,,,,
ca,2,27,5,22,Estimable,,0.9181818181818182,0.8369230769230769,0.08903120884157986,0.30079005736108505,True,4.0,21.0,1.0,1.0,0.9259259259259259,0.8,0.8,0.9545454545454546,0.8000000000000002,0.8772727272727273,0.045454545454545456,0.2,4.0,20.0,2.0,1.0,0.8888888888888888,0.6666666666666666,0.8,0.9090909090909091,0.7272727272727272,0.8545454545454545,0.09090909090909091,0.2,4.0,18.0,4.0,1.0,0.8148148148148148,0.5,0.8,0.8181818181818182,0.6153846153846154,0.8090909090909091,0.18181818181818182,0.2,
ca,3,17,3,14,Not estimable,Total size (17) < 20,,,,,,,,,,,,,,,,,,,,,,,,,,,,,,,,,,,,,,,,,,
ca,1,55,19,36,Estimable,,0.8654970760233918,0.7591850448991557,0.13905757786872106,0.438955523557525,True,14.0,30.0,6.0,5.0,0.8,0.7,0.7368421052631579,0.8333333333333334,0.717948717948718,0.7850877192982456,0.16666666666666666,0.2631578947368421,17.0,29.0,7.0,2.0,0.8363636363636363,0.7083333333333334,0.8947368421052632,0.8055555555555556,0.7906976744186046,0.8501461988304093,0.19444444444444445,0.10526315789473684,18.0,28.0,8.0,1.0,0.8363636363636363,0.6923076923076923,0.9473684210526315,0.7777777777777778,0.7999999999999999,0.8625730994152047,0.2222222222222222,0.05263157894736842,
ca,0,138,101,37,Estimable,,0.8584426010168584,0.9316827364746874,0.12578783271716076,0.4001623312643131,True,91.0,24.0,13.0,10.0,0.8333333333333334,0.875,0.900990099009901,0.6486486486486487,0.8878048780487806,0.7748193738292748,0.35135135135135137,0.09900990099009901,93.0,24.0,13.0,8.0,0.8478260869565217,0.8773584905660378,0.9207920792079208,0.6486486486486487,0.8985507246376812,0.7847203639282847,0.35135135135135137,0.07920792079207921,95.0,22.0,15.0,6.0,0.8478260869565217,0.8636363636363636,0.9405940594059405,0.5945945945945946,0.9004739336492891,0.7675943270002676,0.40540540540540543,0.0594059405940594,
ca,4,5,4,1,Not estimable,Total size (5) < 20,,,,,,,,,,,,,,,,,,,,,,,,,,,,,,,,,,,,,,,,,,
thal,2,129,104,25,Estimable,,0.823076923076923,0.9406333782478211,0.11538440828279284,0.37149518642078627,True,97.0,10.0,15.0,7.0,0.8294573643410853,0.8660714285714286,0.9326923076923077,0.4,0.8981481481481481,0.6663461538461539,0.6,0.0673076923076923,101.0,10.0,15.0,3.0,0.8604651162790697,0.8706896551724138,0.9711538461538461,0.4,0.9181818181818181,0.6855769230769231,0.6,0.028846153846153848,102.0,9.0,16.0,2.0,0.8604651162790697,0.864406779661017,0.9807692307692307,0.36,0.918918918918919,0.6703846153846154,0.64,0.019230769230769232,
thal,1,14,4,10,Not estimable,Total size (14) < 20,,,,,,,,,,,,,,,,,,,,,,,,,,,,,,,,,,,,,,,,,,
thal,3,98,23,75,Estimable,,0.8591304347826086,0.6278748572441694,0.12388194326269439,0.3962060196173122,True,13.0,69.0,6.0,10.0,0.8367346938775511,0.6842105263157895,0.5652173913043478,0.92,0.6190476190476191,0.7426086956521739,0.08,0.43478260869565216,15.0,67.0,8.0,8.0,0.8367346938775511,0.6521739130434783,0.6521739130434783,0.8933333333333333,0.6521739130434783,0.7727536231884058,0.10666666666666667,0.34782608695652173,18.0,64.0,11.0,5.0,0.8367346938775511,0.6206896551724138,0.782608695652174,0.8533333333333334,0.6923076923076923,0.8179710144927537,0.14666666666666667,0.21739130434782608,
thal,0,1,1,0,Not estimable,Total size (1) < 20,,,,,,,,,,,,,,,,,,,,,,,,,,,,,,,,,,,,,,,,,,
age_band,>60,64,29,35,Estimable,,0.8472906403940886,0.7769971967307092,0.1588819106109509,0.4912104757514201,True,20.0,29.0,6.0,9.0,0.765625,0.7692307692307693,0.6896551724137931,0.8285714285714286,0.7272727272727274,0.7591133004926109,0.17142857142857143,0.3103448275862069,24.0,29.0,6.0,5.0,0.828125,0.8,0.8275862068965517,0.8285714285714286,0.8135593220338982,0.8280788177339902,0.17142857142857143,0.1724137931034483,24.0,27.0,8.0,5.0,0.796875,0.75,0.8275862068965517,0.7714285714285715,0.7868852459016394,0.7995073891625616,0.22857142857142856,0.1724137931034483,These are exploratory dataset-analysis bins and are not clinical age thresholds.
age_band,46-60,124,63,61,Estimable,,0.9107468123861566,0.8888682790511147,0.11941550417523678,0.38197846646189,True,55.0,49.0,12.0,8.0,0.8387096774193549,0.8208955223880597,0.873015873015873,0.8032786885245902,0.8461538461538461,0.8381472807702316,0.19672131147540983,0.12698412698412698,56.0,47.0,14.0,7.0,0.8306451612903226,0.8,0.8888888888888888,0.7704918032786885,0.8421052631578948,0.8296903460837887,0.22950819672131148,0.1111111111111111,60.0,45.0,16.0,3.0,0.8467741935483871,0.7894736842105263,0.9523809523809523,0.7377049180327869,0.8633093525179856,0.8450429352068696,0.26229508196721313,0.047619047619047616,These are exploratory dataset-analysis bins and are not clinical age thresholds.
age_band,<=45,54,40,14,Estimable,,0.9464285714285714,0.9812657224126021,0.07856129060375219,0.27189040520356866,True,38.0,11.0,3.0,2.0,0.9074074074074074,0.926829268292683,0.95,0.7857142857142857,0.9382716049382716,0.8678571428571429,0.21428571428571427,0.05,39.0,11.0,3.0,1.0,0.9259259259259259,0.9285714285714286,0.975,0.7857142857142857,0.951219512195122,0.8803571428571428,0.21428571428571427,0.025,39.0,10.0,4.0,1.0,0.9074074074074074,0.9069767441860465,0.975,0.7142857142857143,0.9397590361445783,0.8446428571428571,0.2857142857142857,0.025,These are exploratory dataset-analysis bins and are not clinical age thresholds.
