feature,importance_mean,importance_std
thal,0.046819476819476846,0.02586802166649049
cp,0.03189847189847195,0.012481940771087444
ca,0.021056721056721073,0.01868626290721326
oldpeak,0.016881636881636894,0.0015205234419701913
sex,0.013493913493913509,0.01519503332259739
chol,0.008401968401968425,0.00859588030510215
slope,0.002336182336182358,0.009343592201233038
thalach,0.0021004921004921283,0.007468026241061022
restecg,0.001390831390831395,0.006492044922430268
age,0.0005568505568506056,0.0006438644338076314
fbs,-0.0005620305620305599,0.0011384703956749756
exang,-0.0007718207718207242,0.01477144712990849
trestbps,-0.0012742812742812678,0.00684806970281921
