feature,direction,magnitude_before_clip,derived_dev_min,derived_dev_max,mean_abs_prob_change,mean_prob_change,baseline_mean_prob,perturbed_mean_prob,default_flips,default_flip_rate,youden_j_flips,youden_j_flip_rate,max_f1_flips,max_f1_flip_rate,source_category,target_category,affected_count
age,+5% dev range,2.4000000000000004,29.0,77.0,0.0009209396470937017,-0.0009209396470937017,0.5427373186309362,0.5418163789838426,0,0.0,0,0.0,0,0.0,,,
age,-5% dev range,2.4000000000000004,29.0,77.0,0.0009275195179992734,0.0009275195179992734,0.5427373186309362,0.5436648381489354,0,0.0,0,0.0,1,0.004132231404958678,,,
sex,shift 0 -> 1,,,,0.06031622693497824,-0.06031622693497824,0.6755851698761133,0.6152689429411351,4,0.05194805194805195,1,0.012987012987012988,0,0.0,0,1,77.0
sex,shift 1 -> 0,,,,0.06386852738806963,0.06386852738806963,0.48074165471652014,0.5446101821045898,16,0.09696969696969697,14,0.08484848484848485,19,0.11515151515151516,1,0,165.0
cp,shift 3 -> 1,,,,0.015999879633075576,-0.015999879633075576,0.5953872981897573,0.5793874185566816,1,0.06666666666666667,1,0.06666666666666667,0,0.0,3,1,15.0
cp,shift 3 -> 0,,,,0.1855309360851521,-0.1855309360851521,0.5953872981897573,0.40985636210460524,6,0.4,6,0.4,7,0.4666666666666667,3,0,15.0
cp,shift 3 -> 2,,,,0.047406651058046624,0.047406651058046624,0.5953872981897573,0.6427939492478039,3,0.2,1,0.06666666666666667,0,0.0,3,2,15.0
cp,shift 1 -> 3,,,,0.008846422037824112,0.008846422037824112,0.7995132378244173,0.8083596598622413,1,0.024390243902439025,0,0.0,0,0.0,1,3,41.0
cp,shift 1 -> 0,,,,0.12860356776928283,-0.12860356776928283,0.7995132378244173,0.6709096700551345,3,0.07317073170731707,3,0.07317073170731707,3,0.07317073170731707,1,0,41.0
cp,shift 1 -> 2,,,,0.03717956065843994,0.03717956065843994,0.7995132378244173,0.8366927984828573,2,0.04878048780487805,0,0.0,0,0.0,1,2,41.0
cp,shift 0 -> 3,,,,0.13364684450737518,0.13364684450737518,0.3048966580663044,0.43854350257367963,18,0.1565217391304348,21,0.1826086956521739,21,0.1826086956521739,0,3,115.0
cp,shift 0 -> 1,,,,0.1212429851410298,0.1212429851410298,0.3048966580663044,0.4261396432073342,17,0.14782608695652175,20,0.17391304347826086,20,0.17391304347826086,0,1,115.0
cp,shift 0 -> 2,,,,0.17126491727184376,0.17126491727184376,0.3048966580663044,0.47616157533814824,21,0.1826086956521739,22,0.19130434782608696,25,0.21739130434782608,0,2,115.0
cp,shift 2 -> 3,,,,0.0325796325677869,-0.0325796325677869,0.7685699043297757,0.7359902717619888,1,0.014084507042253521,2,0.028169014084507043,1,0.014084507042253521,2,3,71.0
cp,shift 2 -> 1,,,,0.04301933304177355,-0.04301933304177355,0.7685699043297757,0.7255505712880022,1,0.014084507042253521,2,0.028169014084507043,2,0.028169014084507043,2,1,71.0
cp,shift 2 -> 0,,,,0.17695139632566817,-0.17695139632566817,0.7685699043297757,0.5916185080041075,11,0.15492957746478872,11,0.15492957746478872,9,0.1267605633802817,2,0,71.0
trestbps,+5% dev range,5.300000000000001,94.0,200.0,0.004934905070283618,-0.004934905070283618,0.5427373186309362,0.5378024135606526,1,0.004132231404958678,1,0.004132231404958678,1,0.004132231404958678,,,
trestbps,-5% dev range,5.300000000000001,94.0,200.0,0.00488277992183645,0.00488277992183645,0.5427373186309362,0.5476200985527726,1,0.004132231404958678,1,0.004132231404958678,1,0.004132231404958678,,,
chol,+5% dev range,14.15,126.0,409.0,0.011877584630617664,-0.011877584630617664,0.5427373186309362,0.5308597340003184,3,0.012396694214876033,2,0.008264462809917356,1,0.004132231404958678,,,
chol,-5% dev range,14.15,126.0,409.0,0.011723421692564767,0.011723421692564767,0.5427373186309362,0.5544607403235009,3,0.012396694214876033,1,0.004132231404958678,2,0.008264462809917356,,,
fbs,shift 0 -> 1,,,,0.002991880211884671,-0.002991880211884671,0.5493524627766061,0.5463605825647214,0,0.0,1,0.004807692307692308,0,0.0,0,1,208.0
fbs,shift 1 -> 0,,,,0.003047263962428604,0.003047263962428604,0.5022682015044846,0.5053154654669133,0,0.0,0,0.0,0,0.0,1,0,34.0
restecg,shift 1 -> 2,,,,0.023872122076376484,-0.023872122076376484,0.6273336203976362,0.6034614983212597,0,0.0,2,0.016129032258064516,2,0.016129032258064516,1,2,124.0
restecg,shift 1 -> 0,,,,0.04137239084646727,-0.04137239084646727,0.6273336203976362,0.585961229551169,3,0.024193548387096774,2,0.016129032258064516,3,0.024193548387096774,1,0,124.0
restecg,shift 2 -> 1,,,,0.016378249813810922,0.016378249813810922,0.2720408990790144,0.2884191488928254,0,0.0,0,0.0,0,0.0,2,1,4.0
restecg,shift 2 -> 0,,,,0.011585522164528928,-0.011585522164528928,0.2720408990790144,0.2604553769144855,0,0.0,0,0.0,0,0.0,2,0,4.0
restecg,shift 0 -> 1,,,,0.04009297667875372,0.04009297667875372,0.46021840862336477,0.5003113853021185,5,0.043859649122807015,6,0.05263157894736842,5,0.043859649122807015,0,1,114.0
restecg,shift 0 -> 2,,,,0.016826606908912984,0.016826606908912984,0.46021840862336477,0.47704501553227774,3,0.02631578947368421,1,0.008771929824561403,2,0.017543859649122806,0,2,114.0
thalach,+5% dev range,5.7,88.0,202.0,0.012383382460073063,0.012383382460073063,0.5427373186309362,0.5551207010910092,4,0.01652892561983471,1,0.004132231404958678,2,0.008264462809917356,,,
thalach,-5% dev range,5.7,88.0,202.0,0.012494435892985607,-0.012494435892985607,0.5427373186309362,0.5302428827379506,3,0.012396694214876033,2,0.008264462809917356,1,0.004132231404958678,,,
exang,shift 0 -> 1,,,,0.07037389280592025,-0.07037389280592025,0.6838274373871901,0.6134535445812699,6,0.0375,9,0.05625,8,0.05,0,1,160.0
exang,shift 1 -> 0,,,,0.06699346134631647,0.06699346134631647,0.26743952593580655,0.334432987282123,4,0.04878048780487805,3,0.036585365853658534,6,0.07317073170731707,1,0,82.0
oldpeak,+5% dev range,0.31000000000000005,0.0,6.2,0.016585069138296136,-0.016585069138296136,0.5427373186309362,0.52615224949264,4,0.01652892561983471,4,0.01652892561983471,2,0.008264462809917356,,,
oldpeak,-5% dev range,0.31000000000000005,0.0,6.2,0.010877513210666047,0.010877513210666047,0.5427373186309362,0.5536148318416022,3,0.012396694214876033,1,0.004132231404958678,3,0.012396694214876033,,,
slope,shift 2 -> 1,,,,0.08262001404000055,-0.08262001404000055,0.7585550111967888,0.6759349971567884,5,0.042735042735042736,7,0.05982905982905983,5,0.042735042735042736,2,1,117.0
slope,shift 2 -> 0,,,,0.03952744288964573,-0.03952744288964573,0.7585550111967888,0.7190275683071433,1,0.008547008547008548,3,0.02564102564102564,4,0.03418803418803419,2,0,117.0
slope,shift 1 -> 2,,,,0.08233293780171981,0.08233293780171981,0.34055289465315564,0.4228858324548753,9,0.08333333333333333,10,0.09259259259259259,12,0.1111111111111111,1,2,108.0
slope,shift 1 -> 0,,,,0.03984681230880163,0.03984681230880163,0.34055289465315564,0.3803997069619573,3,0.027777777777777776,3,0.027777777777777776,6,0.05555555555555555,1,0,108.0
slope,shift 0 -> 2,,,,0.034425833511642606,0.034425833511642606,0.3418695397718495,0.37629537328349216,0,0.0,0,0.0,0,0.0,0,2,17.0
slope,shift 0 -> 1,,,,0.03280003178684611,-0.03280003178684611,0.3418695397718495,0.3090695079850034,0,0.0,0,0.0,0,0.0,0,1,17.0
ca,shift 2 -> 3,,,,0.01783508270854473,0.01783508270854473,0.264414558510756,0.28224964121930074,0,0.0,0,0.0,1,0.037037037037037035,2,3,27.0
ca,shift 2 -> 1,,,,0.004349574847984414,-0.004349574847984414,0.264414558510756,0.26006498366277164,0,0.0,0,0.0,0,0.0,2,1,27.0
ca,shift 2 -> 0,,,,0.11274301813293068,0.11274301813293068,0.264414558510756,0.3771575766436867,4,0.14814814814814814,4,0.14814814814814814,4,0.14814814814814814,2,0,27.0
ca,shift 2 -> 4,,,,0.03943418366262888,0.03943418366262888,0.264414558510756,0.30384874217338487,0,0.0,2,0.07407407407407407,4,0.14814814814814814,2,4,27.0
ca,shift 3 -> 2,,,,0.01709161082647828,-0.01709161082647828,0.21235574915342115,0.1952641383269429,0,0.0,0,0.0,1,0.058823529411764705,3,2,17.0
ca,shift 3 -> 1,,,,0.02161887771891357,-0.02161887771891357,0.21235574915342115,0.19073687143450763,0,0.0,0,0.0,1,0.058823529411764705,3,1,17.0
ca,shift 3 -> 0,,,,0.0972704512730161,0.0972704512730161,0.21235574915342115,0.30962620042643724,4,0.23529411764705882,4,0.23529411764705882,4,0.23529411764705882,3,0,17.0
ca,shift 3 -> 4,,,,0.02156288387339061,0.02156288387339061,0.21235574915342115,0.2339186330268118,0,0.0,1,0.058823529411764705,1,0.058823529411764705,3,4,17.0
ca,shift 1 -> 2,,,,0.00451463175411857,0.00451463175411857,0.38460758916776594,0.38912222092188453,0,0.0,0,0.0,1,0.01818181818181818,1,2,55.0
ca,shift 1 -> 3,,,,0.027404337496815104,0.027404337496815104,0.38460758916776594,0.41201192666458103,3,0.05454545454545454,1,0.01818181818181818,4,0.07272727272727272,1,3,55.0
ca,shift 1 -> 0,,,,0.13371542151714416,0.13371542151714416,0.38460758916776594,0.5183230106849102,10,0.18181818181818182,8,0.14545454545454545,10,0.18181818181818182,1,0,55.0
ca,shift 1 -> 4,,,,0.05268930375860533,0.05268930375860533,0.38460758916776594,0.4372968929263713,4,0.07272727272727272,4,0.07272727272727272,5,0.09090909090909091,1,4,55.0
ca,shift 0 -> 2,,,,0.12913803946653438,-0.12913803946653438,0.6958235156609907,0.5666854761944564,20,0.14492753623188406,16,0.11594202898550725,13,0.09420289855072464,0,2,138.0
ca,shift 0 -> 3,,,,0.10409479906537242,-0.10409479906537242,0.6958235156609907,0.5917287165956183,16,0.11594202898550725,12,0.08695652173913043,9,0.06521739130434782,0,3,138.0
ca,shift 0 -> 1,,,,0.13324189128544733,-0.13324189128544733,0.6958235156609907,0.5625816243755434,21,0.15217391304347827,18,0.13043478260869565,14,0.10144927536231885,0,1,138.0
ca,shift 0 -> 4,,,,0.07819201023942661,-0.07819201023942661,0.6958235156609907,0.6176315054215641,10,0.07246376811594203,8,0.057971014492753624,7,0.050724637681159424,0,4,138.0
ca,shift 4 -> 2,,,,0.03554819353346321,-0.03554819353346321,0.6832255455688275,0.6476773520353645,0,0.0,1,0.2,1,0.2,4,2,5.0
ca,shift 4 -> 3,,,,0.018452872490712802,-0.018452872490712802,0.6832255455688275,0.6647726730781148,0,0.0,1,0.2,1,0.2,4,3,5.0
ca,shift 4 -> 1,,,,0.03843022647642745,-0.03843022647642745,0.6832255455688275,0.6447953190924001,0,0.0,1,0.2,1,0.2,4,1,5.0
ca,shift 4 -> 0,,,,0.05707697980237534,0.05707697980237534,0.6832255455688275,0.740302525371203,1,0.2,0,0.0,0,0.0,4,0,5.0
thal,shift 2 -> 1,,,,0.09959699193343242,-0.09959699193343242,0.7716773427145153,0.6720803507810827,11,0.08527131782945736,9,0.06976744186046512,7,0.05426356589147287,2,1,129.0
thal,shift 2 -> 3,,,,0.19518925363000966,-0.19518925363000966,0.7716773427145153,0.5764880890845056,32,0.24806201550387597,29,0.2248062015503876,22,0.17054263565891473,2,3,129.0
thal,shift 2 -> 0,,,,0.08861387134353979,-0.08861387134353979,0.7716773427145153,0.6830634713709755,11,0.08527131782945736,7,0.05426356589147287,5,0.03875968992248062,2,0,129.0
thal,shift 1 -> 2,,,,0.12808709557402634,0.12808709557402634,0.2910582300463354,0.41914532562036183,3,0.21428571428571427,5,0.35714285714285715,7,0.5,1,2,14.0
thal,shift 1 -> 3,,,,0.087252584020565,-0.087252584020565,0.2910582300463354,0.20380564602577045,1,0.07142857142857142,1,0.07142857142857142,1,0.07142857142857142,1,3,14.0
thal,shift 1 -> 0,,,,0.01132679236463778,0.01132679236463778,0.2910582300463354,0.3023850224109732,0,0.0,0,0.0,0,0.0,1,0,14.0
thal,shift 3 -> 2,,,,0.19437806977214817,0.19437806977214817,0.2741430299719942,0.46852109974414236,27,0.2755102040816326,24,0.24489795918367346,26,0.2653061224489796,3,2,98.0
thal,shift 3 -> 1,,,,0.08292694936480689,0.08292694936480689,0.2741430299719942,0.3570699793368012,13,0.1326530612244898,13,0.1326530612244898,14,0.14285714285714285,3,1,98.0
thal,shift 3 -> 0,,,,0.0933343167037272,0.0933343167037272,0.2741430299719942,0.3674773466757213,14,0.14285714285714285,15,0.15306122448979592,14,0.14285714285714285,3,0,98.0
thal,shift 0 -> 2,,,,0.06236482998456061,0.06236482998456061,0.8552217406099583,0.9175865705945189,0,0.0,0,0.0,0,0.0,0,2,1.0
thal,shift 0 -> 1,,,,0.009409164797414937,-0.009409164797414937,0.8552217406099583,0.8458125758125433,0,0.0,0,0.0,0,0.0,0,1,1.0
thal,shift 0 -> 3,,,,0.09646892846696142,-0.09646892846696142,0.8552217406099583,0.7587528121429968,0,0.0,0,0.0,0,0.0,0,3,1.0
