threshold,accuracy,precision,recall,specificity,f1,tp,tn,fp,fn,fpr,fnr,balanced_accuracy,youden_j
0.05,0.6115702479338843,0.584070796460177,1.0,0.14545454545454545,0.7374301675977654,132,16,94,0,0.8545454545454545,0.0,0.5727272727272728,0.1454545454545455
0.06,0.628099173553719,0.5954545454545455,0.9924242424242424,0.19090909090909092,0.7443181818181819,131,21,89,1,0.8090909090909091,0.007575757575757576,0.5916666666666667,0.18333333333333335
0.07,0.640495867768595,0.6036866359447005,0.9924242424242424,0.21818181818181817,0.7507163323782237,131,24,86,1,0.7818181818181819,0.007575757575757576,0.6053030303030303,0.21060606060606069
0.08,0.6487603305785123,0.6093023255813953,0.9924242424242424,0.23636363636363636,0.755043227665706,131,26,84,1,0.7636363636363637,0.007575757575757576,0.6143939393939394,0.22878787878787876
0.09,0.6652892561983471,0.6220095693779905,0.9848484848484849,0.2818181818181818,0.7624633431085045,130,31,79,2,0.7181818181818181,0.015151515151515152,0.6333333333333333,0.2666666666666666
0.1,0.6776859504132231,0.6310679611650486,0.9848484848484849,0.3090909090909091,0.7692307692307693,130,34,76,2,0.6909090909090909,0.015151515151515152,0.646969696969697,0.29393939393939394
0.11,0.7024793388429752,0.65,0.9848484848484849,0.36363636363636365,0.7831325301204819,130,40,70,2,0.6363636363636364,0.015151515151515152,0.6742424242424243,0.3484848484848486
0.12,0.7066115702479339,0.6532663316582915,0.9848484848484849,0.37272727272727274,0.785498489425982,130,41,69,2,0.6272727272727273,0.015151515151515152,0.6787878787878788,0.35757575757575766
0.13,0.7231404958677686,0.6666666666666666,0.9848484848484849,0.4090909090909091,0.7951070336391438,130,45,65,2,0.5909090909090909,0.015151515151515152,0.696969696969697,0.39393939393939403
0.14,0.731404958677686,0.6735751295336787,0.9848484848484849,0.42727272727272725,0.7999999999999999,130,47,63,2,0.5727272727272728,0.015151515151515152,0.706060606060606,0.4121212121212121
0.15,0.7396694214876033,0.680628272251309,0.9848484848484849,0.44545454545454544,0.804953560371517,130,49,61,2,0.5545454545454546,0.015151515151515152,0.7151515151515151,0.4303030303030302
0.16,0.7479338842975206,0.6878306878306878,0.9848484848484849,0.4636363636363636,0.8099688473520249,130,51,59,2,0.5363636363636364,0.015151515151515152,0.7242424242424242,0.4484848484848485
0.17,0.756198347107438,0.6951871657754011,0.9848484848484849,0.4818181818181818,0.8150470219435736,130,53,57,2,0.5181818181818182,0.015151515151515152,0.7333333333333334,0.4666666666666668
0.18,0.7727272727272727,0.7103825136612022,0.9848484848484849,0.5181818181818182,0.8253968253968255,130,57,53,2,0.4818181818181818,0.015151515151515152,0.7515151515151515,0.5030303030303029
0.19,0.7727272727272727,0.712707182320442,0.9772727272727273,0.5272727272727272,0.8242811501597443,129,58,52,3,0.4727272727272727,0.022727272727272728,0.7522727272727272,0.5045454545454544
0.2,0.7727272727272727,0.712707182320442,0.9772727272727273,0.5272727272727272,0.8242811501597443,129,58,52,3,0.4727272727272727,0.022727272727272728,0.7522727272727272,0.5045454545454544
0.21,0.7727272727272727,0.712707182320442,0.9772727272727273,0.5272727272727272,0.8242811501597443,129,58,52,3,0.4727272727272727,0.022727272727272728,0.7522727272727272,0.5045454545454544
0.22,0.78099173553719,0.7206703910614525,0.9772727272727273,0.5454545454545454,0.8295819935691318,129,60,50,3,0.45454545454545453,0.022727272727272728,0.7613636363636364,0.5227272727272727
0.23,0.78099173553719,0.7206703910614525,0.9772727272727273,0.5454545454545454,0.8295819935691318,129,60,50,3,0.45454545454545453,0.022727272727272728,0.7613636363636364,0.5227272727272727
0.24,0.78099173553719,0.7231638418079096,0.9696969696969697,0.5545454545454546,0.8284789644012945,128,61,49,4,0.44545454545454544,0.030303030303030304,0.7621212121212122,0.5242424242424244
0.25,0.7851239669421488,0.7272727272727273,0.9696969696969697,0.5636363636363636,0.8311688311688312,128,62,48,4,0.43636363636363634,0.030303030303030304,0.7666666666666666,0.5333333333333332
0.26,0.7851239669421488,0.7272727272727273,0.9696969696969697,0.5636363636363636,0.8311688311688312,128,62,48,4,0.43636363636363634,0.030303030303030304,0.7666666666666666,0.5333333333333332
0.27,0.7851239669421488,0.7325581395348837,0.9545454545454546,0.5818181818181818,0.8289473684210527,126,64,46,6,0.41818181818181815,0.045454545454545456,0.7681818181818182,0.5363636363636364
0.28,0.7933884297520661,0.7411764705882353,0.9545454545454546,0.6,0.8344370860927153,126,66,44,6,0.4,0.045454545454545456,0.7772727272727273,0.5545454545454547
0.29,0.8016528925619835,0.75,0.9545454545454546,0.6181818181818182,0.84,126,68,42,6,0.38181818181818183,0.045454545454545456,0.7863636363636364,0.5727272727272728
0.3,0.8099173553719008,0.7590361445783133,0.9545454545454546,0.6363636363636364,0.8456375838926175,126,70,40,6,0.36363636363636365,0.045454545454545456,0.7954545454545454,0.5909090909090908
0.31,0.8181818181818182,0.7682926829268293,0.9545454545454546,0.6545454545454545,0.8513513513513513,126,72,38,6,0.34545454545454546,0.045454545454545456,0.8045454545454546,0.6090909090909091
0.32,0.8181818181818182,0.7716049382716049,0.946969696969697,0.6636363636363637,0.8503401360544217,125,73,37,7,0.33636363636363636,0.05303030303030303,0.8053030303030304,0.6106060606060608
0.33,0.8264462809917356,0.78125,0.946969696969697,0.6818181818181818,0.8561643835616438,125,75,35,7,0.3181818181818182,0.05303030303030303,0.8143939393939394,0.6287878787878789
0.34,0.8264462809917356,0.78125,0.946969696969697,0.6818181818181818,0.8561643835616438,125,75,35,7,0.3181818181818182,0.05303030303030303,0.8143939393939394,0.6287878787878789
0.35,0.8223140495867769,0.779874213836478,0.9393939393939394,0.6818181818181818,0.8522336769759451,124,75,35,8,0.3181818181818182,0.06060606060606061,0.8106060606060606,0.6212121212121211
0.36,0.8347107438016529,0.7948717948717948,0.9393939393939394,0.7090909090909091,0.8611111111111112,124,78,32,8,0.2909090909090909,0.06060606060606061,0.8242424242424242,0.6484848484848484
0.37,0.8388429752066116,0.8,0.9393939393939394,0.7181818181818181,0.8641114982578397,124,79,31,8,0.2818181818181818,0.06060606060606061,0.8287878787878789,0.6575757575757577
0.38,0.8388429752066116,0.8,0.9393939393939394,0.7181818181818181,0.8641114982578397,124,79,31,8,0.2818181818181818,0.06060606060606061,0.8287878787878789,0.6575757575757577
0.39,0.8388429752066116,0.8,0.9393939393939394,0.7181818181818181,0.8641114982578397,124,79,31,8,0.2818181818181818,0.06060606060606061,0.8287878787878789,0.6575757575757577
0.4,0.8347107438016529,0.7987012987012987,0.9318181818181818,0.7181818181818181,0.8601398601398602,123,79,31,9,0.2818181818181818,0.06818181818181818,0.825,0.6499999999999999
0.41,0.8429752066115702,0.8092105263157895,0.9318181818181818,0.7363636363636363,0.8661971830985916,123,81,29,9,0.2636363636363636,0.06818181818181818,0.834090909090909,0.668181818181818
0.42,0.8471074380165289,0.8145695364238411,0.9318181818181818,0.7454545454545455,0.8692579505300353,123,82,28,9,0.2545454545454545,0.06818181818181818,0.8386363636363636,0.6772727272727272
0.43,0.8471074380165289,0.8145695364238411,0.9318181818181818,0.7454545454545455,0.8692579505300353,123,82,28,9,0.2545454545454545,0.06818181818181818,0.8386363636363636,0.6772727272727272
0.44,0.8471074380165289,0.8187919463087249,0.9242424242424242,0.7545454545454545,0.8683274021352313,122,83,27,10,0.24545454545454545,0.07575757575757576,0.8393939393939394,0.6787878787878787
0.45,0.8429752066115702,0.821917808219178,0.9090909090909091,0.7636363636363637,0.8633093525179857,120,84,26,12,0.23636363636363636,0.09090909090909091,0.8363636363636364,0.6727272727272728
0.46,0.8512396694214877,0.8380281690140845,0.9015151515151515,0.7909090909090909,0.8686131386861314,119,87,23,13,0.20909090909090908,0.09848484848484848,0.8462121212121212,0.6924242424242424
0.47,0.8388429752066116,0.8345323741007195,0.8787878787878788,0.7909090909090909,0.8560885608856089,116,87,23,16,0.20909090909090908,0.12121212121212122,0.8348484848484848,0.6696969696969697
0.48,0.8429752066115702,0.8405797101449275,0.8787878787878788,0.8,0.8592592592592593,116,88,22,16,0.2,0.12121212121212122,0.8393939393939394,0.6787878787878787
0.49,0.8305785123966942,0.837037037037037,0.8560606060606061,0.8,0.8464419475655431,113,88,22,19,0.2,0.14393939393939395,0.8280303030303031,0.6560606060606062
0.5,0.8347107438016529,0.8432835820895522,0.8560606060606061,0.8090909090909091,0.849624060150376,113,89,21,19,0.19090909090909092,0.14393939393939395,0.8325757575757575,0.665151515151515
0.51,0.8347107438016529,0.8484848484848485,0.8484848484848485,0.8181818181818182,0.8484848484848486,112,90,20,20,0.18181818181818182,0.15151515151515152,0.8333333333333334,0.6666666666666667
0.52,0.8347107438016529,0.8484848484848485,0.8484848484848485,0.8181818181818182,0.8484848484848486,112,90,20,20,0.18181818181818182,0.15151515151515152,0.8333333333333334,0.6666666666666667
0.53,0.8347107438016529,0.8538461538461538,0.8409090909090909,0.8272727272727273,0.8473282442748091,111,91,19,21,0.17272727272727273,0.1590909090909091,0.8340909090909091,0.6681818181818182
0.54,0.8347107438016529,0.8538461538461538,0.8409090909090909,0.8272727272727273,0.8473282442748091,111,91,19,21,0.17272727272727273,0.1590909090909091,0.8340909090909091,0.6681818181818182
0.55,0.8305785123966942,0.8527131782945736,0.8333333333333334,0.8272727272727273,0.842911877394636,110,91,19,22,0.17272727272727273,0.16666666666666666,0.8303030303030303,0.6606060606060606
0.56,0.8264462809917356,0.8515625,0.8257575757575758,0.8272727272727273,0.8384615384615386,109,91,19,23,0.17272727272727273,0.17424242424242425,0.8265151515151515,0.6530303030303031
0.57,0.8181818181818182,0.8548387096774194,0.803030303030303,0.8363636363636363,0.828125,106,92,18,26,0.16363636363636364,0.19696969696969696,0.8196969696969696,0.6393939393939392
0.58,0.8181818181818182,0.8548387096774194,0.803030303030303,0.8363636363636363,0.828125,106,92,18,26,0.16363636363636364,0.19696969696969696,0.8196969696969696,0.6393939393939392
0.59,0.8140495867768595,0.8536585365853658,0.7954545454545454,0.8363636363636363,0.8235294117647058,105,92,18,27,0.16363636363636364,0.20454545454545456,0.8159090909090909,0.6318181818181818
0.6,0.8099173553719008,0.8524590163934426,0.7878787878787878,0.8363636363636363,0.8188976377952757,104,92,18,28,0.16363636363636364,0.21212121212121213,0.812121212121212,0.624242424242424
0.61,0.8057851239669421,0.8512396694214877,0.7803030303030303,0.8363636363636363,0.8142292490118578,103,92,18,29,0.16363636363636364,0.2196969696969697,0.8083333333333333,0.6166666666666667
0.62,0.8057851239669421,0.8512396694214877,0.7803030303030303,0.8363636363636363,0.8142292490118578,103,92,18,29,0.16363636363636364,0.2196969696969697,0.8083333333333333,0.6166666666666667
0.63,0.8016528925619835,0.85,0.7727272727272727,0.8363636363636363,0.8095238095238095,102,92,18,30,0.16363636363636364,0.22727272727272727,0.8045454545454545,0.6090909090909089
0.64,0.8016528925619835,0.85,0.7727272727272727,0.8363636363636363,0.8095238095238095,102,92,18,30,0.16363636363636364,0.22727272727272727,0.8045454545454545,0.6090909090909089
0.65,0.8016528925619835,0.8559322033898306,0.7651515151515151,0.8454545454545455,0.8080000000000002,101,93,17,31,0.15454545454545454,0.23484848484848486,0.8053030303030303,0.6106060606060606
0.66,0.7933884297520661,0.853448275862069,0.75,0.8454545454545455,0.7983870967741935,99,93,17,33,0.15454545454545454,0.25,0.7977272727272727,0.5954545454545455
0.67,0.7933884297520661,0.8596491228070176,0.7424242424242424,0.8545454545454545,0.7967479674796748,98,94,16,34,0.14545454545454545,0.25757575757575757,0.7984848484848485,0.5969696969696969
0.68,0.7851239669421488,0.8571428571428571,0.7272727272727273,0.8545454545454545,0.7868852459016394,96,94,16,36,0.14545454545454545,0.2727272727272727,0.7909090909090909,0.5818181818181818
0.69,0.78099173553719,0.8623853211009175,0.7121212121212122,0.8636363636363636,0.7800829875518673,94,95,15,38,0.13636363636363635,0.2878787878787879,0.7878787878787878,0.5757575757575757
0.7,0.7851239669421488,0.8703703703703703,0.7121212121212122,0.8727272727272727,0.7833333333333333,94,96,14,38,0.12727272727272726,0.2878787878787879,0.7924242424242425,0.584848484848485
0.71,0.768595041322314,0.8653846153846154,0.6818181818181818,0.8727272727272727,0.7627118644067796,90,96,14,42,0.12727272727272726,0.3181818181818182,0.7772727272727272,0.5545454545454545
0.72,0.7644628099173554,0.8640776699029126,0.6742424242424242,0.8727272727272727,0.7574468085106382,89,96,14,43,0.12727272727272726,0.32575757575757575,0.7734848484848484,0.5469696969696969
0.73,0.7603305785123967,0.87,0.6590909090909091,0.8818181818181818,0.75,87,97,13,45,0.11818181818181818,0.3409090909090909,0.7704545454545455,0.540909090909091
0.74,0.7644628099173554,0.8787878787878788,0.6590909090909091,0.8909090909090909,0.7532467532467532,87,98,12,45,0.10909090909090909,0.3409090909090909,0.7749999999999999,0.5499999999999998
0.75,0.756198347107438,0.8842105263157894,0.6363636363636364,0.9,0.7400881057268722,84,99,11,48,0.1,0.36363636363636365,0.7681818181818182,0.5363636363636364
0.76,0.7603305785123967,0.9111111111111111,0.6212121212121212,0.9272727272727272,0.7387387387387386,82,102,8,50,0.07272727272727272,0.3787878787878788,0.7742424242424242,0.5484848484848484
0.77,0.7520661157024794,0.9090909090909091,0.6060606060606061,0.9272727272727272,0.7272727272727273,80,102,8,52,0.07272727272727272,0.3939393939393939,0.7666666666666666,0.5333333333333332
0.78,0.743801652892562,0.9069767441860465,0.5909090909090909,0.9272727272727272,0.7155963302752293,78,102,8,54,0.07272727272727272,0.4090909090909091,0.759090909090909,0.5181818181818181
0.79,0.7479338842975206,0.927710843373494,0.5833333333333334,0.9454545454545454,0.7162790697674419,77,104,6,55,0.05454545454545454,0.4166666666666667,0.7643939393939394,0.5287878787878788
0.8,0.743801652892562,0.9375,0.5681818181818182,0.9545454545454546,0.7075471698113207,75,105,5,57,0.045454545454545456,0.4318181818181818,0.7613636363636365,0.5227272727272729
0.81,0.7355371900826446,0.9358974358974359,0.553030303030303,0.9545454545454546,0.6952380952380952,73,105,5,59,0.045454545454545456,0.44696969696969696,0.7537878787878788,0.5075757575757576
0.82,0.731404958677686,0.958904109589041,0.5303030303030303,0.9727272727272728,0.6829268292682927,70,107,3,62,0.02727272727272727,0.4696969696969697,0.7515151515151515,0.5030303030303029
0.83,0.7272727272727273,0.9714285714285714,0.5151515151515151,0.9818181818181818,0.6732673267326732,68,108,2,64,0.01818181818181818,0.48484848484848486,0.7484848484848485,0.49696969696969706
0.84,0.7231404958677686,0.9710144927536232,0.5075757575757576,0.9818181818181818,0.6666666666666666,67,108,2,65,0.01818181818181818,0.49242424242424243,0.7446969696969696,0.48939393939393927
0.85,0.7148760330578512,0.9701492537313433,0.49242424242424243,0.9818181818181818,0.6532663316582914,65,108,2,67,0.01818181818181818,0.5075757575757576,0.7371212121212121,0.47424242424242413
0.86,0.7066115702479339,0.9692307692307692,0.4772727272727273,0.9818181818181818,0.6395939086294417,63,108,2,69,0.01818181818181818,0.5227272727272727,0.7295454545454545,0.459090909090909
0.87,0.6859504132231405,0.9666666666666667,0.4393939393939394,0.9818181818181818,0.6041666666666667,58,108,2,74,0.01818181818181818,0.5606060606060606,0.7106060606060606,0.42121212121212115
0.88,0.6611570247933884,0.9629629629629629,0.3939393939393939,0.9818181818181818,0.5591397849462365,52,108,2,80,0.01818181818181818,0.6060606060606061,0.6878787878787879,0.37575757575757573
0.89,0.6570247933884298,0.9622641509433962,0.38636363636363635,0.9818181818181818,0.5513513513513514,51,108,2,81,0.01818181818181818,0.6136363636363636,0.6840909090909091,0.36818181818181817
0.9,0.640495867768595,0.9591836734693877,0.3560606060606061,0.9818181818181818,0.5193370165745856,47,108,2,85,0.01818181818181818,0.6439393939393939,0.668939393939394,0.3378787878787879
0.91,0.6115702479338843,0.975,0.29545454545454547,0.990909090909091,0.4534883720930233,39,109,1,93,0.00909090909090909,0.7045454545454546,0.6431818181818182,0.2863636363636364
0.92,0.5909090909090909,0.9714285714285714,0.25757575757575757,0.990909090909091,0.407185628742515,34,109,1,98,0.00909090909090909,0.7424242424242424,0.6242424242424243,0.24848484848484853
0.93,0.5619834710743802,0.9642857142857143,0.20454545454545456,0.990909090909091,0.3375,27,109,1,105,0.00909090909090909,0.7954545454545454,0.5977272727272728,0.19545454545454555
0.94,0.5371900826446281,0.9545454545454546,0.1590909090909091,0.990909090909091,0.2727272727272727,21,109,1,111,0.00909090909090909,0.8409090909090909,0.5750000000000001,0.15000000000000013
0.95,0.512396694214876,0.9375,0.11363636363636363,0.990909090909091,0.20270270270270271,15,109,1,117,0.00909090909090909,0.8863636363636364,0.5522727272727272,0.1045454545454545
